"tipoVoto","dataRegistroVoto","deputado_.id","deputado_.uri","deputado_.nome","deputado_.siglaPartido","deputado_.uriPartido","deputado_.siglaUf","deputado_.idLegislatura","deputado_.urlFoto","deputado_.email"
"Obstrução","2023-12-14T22:09:05",204365,https://dadosabertos.camara.leg.br/api/v2/deputados/204365,Gilson Marques,NOVO,https://dadosabertos.camara.leg.br/api/v2/partidos/37901,SC,57,https://www.camara.leg.br/internet/deputado/bandep/204365.jpg,dep.gilsonmarques@camara.leg.br
"Sim","2023-12-14T22:09:00",220695,https://dadosabertos.camara.leg.br/api/v2/deputados/220695,Rogéria Santos,REPUBLICANOS,https://dadosabertos.camara.leg.br/api/v2/partidos/37908,BA,57,https://www.camara.leg.br/internet/deputado/bandep/220695.jpg,dep.rogeriasantos@camara.leg.br
"Sim","2023-12-14T22:08:57",153423,https://dadosabertos.camara.leg.br/api/v2/deputados/153423,Renilce Nicodemos,MDB,https://dadosabertos.camara.leg.br/api/v2/partidos/36899,PA,57,https://www.camara.leg.br/internet/deputado/bandep/153423.jpg,dep.renilcenicodemos@camara.leg.br
"Sim","2023-12-14T22:08:47",160161,https://dadosabertos.camara.leg.br/api/v2/deputados/160161,Marcelo Queiroz,PP,https://dadosabertos.camara.leg.br/api/v2/partidos/37903,RJ,57,https://www.camara.leg.br/internet/deputado/bandep/160161.jpg,dep.marceloqueiroz@camara.leg.br
"Sim","2023-12-14T22:08:46",160674,https://dadosabertos.camara.leg.br/api/v2/deputados/160674,Hugo Motta,REPUBLICANOS,https://dadosabertos.camara.leg.br/api/v2/partidos/37908,PB,57,https://www.camara.leg.br/internet/deputado/bandep/160674.jpg,dep.hugomotta@camara.leg.br
"Obstrução","2023-12-14T22:08:39",220654,https://dadosabertos.camara.leg.br/api/v2/deputados/220654,Delegado Paulo Bilynskyj,PL,https://dadosabertos.camara.leg.br/api/v2/partidos/37906,SP,57,https://www.camara.leg.br/internet/deputado/bandep/220654.jpg,dep.delegadopaulobilynskyj@camara.leg.br
"Sim","2023-12-14T22:08:36", 74646,https://dadosabertos.camara.leg.br/api/v2/deputados/74646,Aécio Neves,PSDB,https://dadosabertos.camara.leg.br/api/v2/partidos/36835,MG,57,https://www.camara.leg.br/internet/deputado/bandep/74646.jpg,dep.aecioneves@camara.leg.br
"Obstrução","2023-12-14T22:08:33",220613,https://dadosabertos.camara.leg.br/api/v2/deputados/220613,Roberto Monteiro Pai,PL,https://dadosabertos.camara.leg.br/api/v2/partidos/37906,RJ,57,https://www.camara.leg.br/internet/deputado/bandep/220613.jpg,dep.robertomonteiropai@camara.leg.br
"Sim","2023-12-14T22:08:26",204512,https://dadosabertos.camara.leg.br/api/v2/deputados/204512,Delegado Marcelo Freitas,UNIÃO,https://dadosabertos.camara.leg.br/api/v2/partidos/38009,MG,57,https://www.camara.leg.br/internet/deputado/bandep/204512.jpg,dep.delegadomarcelofreitas@camara.leg.br
"Sim","2023-12-14T22:08:20",220603,https://dadosabertos.camara.leg.br/api/v2/deputados/220603,Dani Cunha,UNIÃO,https://dadosabertos.camara.leg.br/api/v2/partidos/38009,RJ,57,https://www.camara.leg.br/internet/deputado/bandep/220603.jpg,dep.danicunha@camara.leg.br
"Não","2023-12-14T22:08:20",220644,https://dadosabertos.camara.leg.br/api/v2/deputados/220644,Rosangela Moro,UNIÃO,https://dadosabertos.camara.leg.br/api/v2/partidos/38009,SP,57,https://www.camara.leg.br/internet/deputado/bandep/220644.jpg,dep.rosangelamoro@camara.leg.br
"Não","2023-12-14T22:08:17",220552,https://dadosabertos.camara.leg.br/api/v2/deputados/220552,Zucco,REPUBLICANOS,https://dadosabertos.camara.leg.br/api/v2/partidos/37908,RS,57,https://www.camara.leg.br/internet/deputado/bandep/220552.jpg,dep.zucco@camara.leg.br
"Sim","2023-12-14T22:08:16",220539,https://dadosabertos.camara.leg.br/api/v2/deputados/220539,Defensor Stélio Dener,REPUBLICANOS,https://dadosabertos.camara.leg.br/api/v2/partidos/37908,RR,57,https://www.camara.leg.br/internet/deputado/bandep/220539.jpg,dep.defensorsteliodener@camara.leg.br
"Sim","2023-12-14T22:08:14",220652,https://dadosabertos.camara.leg.br/api/v2/deputados/220652,Delegado Palumbo,MDB,https://dadosabertos.camara.leg.br/api/v2/partidos/36899,SP,57,https://www.camara.leg.br/internet/deputado/bandep/220652.jpg,dep.delegadopalumbo@camara.leg.br
"Sim","2023-12-14T22:08:12",204497,https://dadosabertos.camara.leg.br/api/v2/deputados/204497,Júnior Ferrari,PSD,https://dadosabertos.camara.leg.br/api/v2/partidos/36834,PA,57,https://www.camara.leg.br/internet/deputado/bandep/204497.jpg,dep.juniorferrari@camara.leg.br
"Sim","2023-12-14T22:08:10",220534,https://dadosabertos.camara.leg.br/api/v2/deputados/220534,Fred Linhares,REPUBLICANOS,https://dadosabertos.camara.leg.br/api/v2/partidos/37908,DF,57,https://www.camara.leg.br/internet/deputado/bandep/220534.jpg,dep.fredlinhares@camara.leg.br
"Não","2023-12-14T22:08:08",161440,https://dadosabertos.camara.leg.br/api/v2/deputados/161440,Pezenti,MDB,https://dadosabertos.camara.leg.br/api/v2/partidos/36899,SC,57,https://www.camara.leg.br/internet/deputado/bandep/161440.jpg,dep.pezenti@camara.leg.br
"Obstrução","2023-12-14T22:08:07",220621,https://dadosabertos.camara.leg.br/api/v2/deputados/220621,Sargento Gonçalves,PL,https://dadosabertos.camara.leg.br/api/v2/partidos/37906,RN,57,https://www.camara.leg.br/internet/deputado/bandep/220621.jpg,dep.sargentogoncalves@camara.leg.br
"Sim","2023-12-14T22:08:06",204540,https://dadosabertos.camara.leg.br/api/v2/deputados/204540,Maria Rosas,REPUBLICANOS,https://dadosabertos.camara.leg.br/api/v2/partidos/37908,SP,57,https://www.camara.leg.br/internet/deputado/bandep/204540.jpg,dep.mariarosas@camara.leg.br
"Sim","2023-12-14T22:08:02",204566,https://dadosabertos.camara.leg.br/api/v2/deputados/204566,Marreca Filho,PATRIOTA,https://dadosabertos.camara.leg.br/api/v2/partidos/37907,MA,57,https://www.camara.leg.br/internet/deputado/bandep/204566.jpg,dep.marrecafilho@camara.leg.br
"Obstrução","2023-12-14T22:07:56",160758,https://dadosabertos.camara.leg.br/api/v2/deputados/160758,Domingos Sávio,PL,https://dadosabertos.camara.leg.br/api/v2/partidos/37906,MG,57,https://www.camara.leg.br/internet/deputado/bandep/160758.jpg,dep.domingossavio@camara.leg.br
"Não","2023-12-14T22:07:53", 74428,https://dadosabertos.camara.leg.br/api/v2/deputados/74428,Mendonça Filho,UNIÃO,https://dadosabertos.camara.leg.br/api/v2/partidos/38009,PE,57,https://www.camara.leg.br/internet/deputado/bandep/74428.jpg,dep.mendoncafilho@camara.leg.br
"Sim","2023-12-14T22:07:53",100689,https://dadosabertos.camara.leg.br/api/v2/deputados/100689,Hildo do Candango,REPUBLICANOS,https://dadosabertos.camara.leg.br/api/v2/partidos/37908,GO,57,https://www.camara.leg.br/internet/deputado/bandep/100689.jpg,NA
"Sim","2023-12-14T22:07:52",160610,https://dadosabertos.camara.leg.br/api/v2/deputados/160610,Valmir Assunção,PT,https://dadosabertos.camara.leg.br/api/v2/partidos/36844,BA,57,https://www.camara.leg.br/internet/deputado/bandep/160610.jpg,dep.valmirassuncao@camara.leg.br
"Sim","2023-12-14T22:07:46", 74158,https://dadosabertos.camara.leg.br/api/v2/deputados/74158,Mário Heringer,PDT,https://dadosabertos.camara.leg.br/api/v2/partidos/36786,MG,57,https://www.camara.leg.br/internet/deputado/bandep/74158.jpg,dep.marioheringer@camara.leg.br
"Sim","2023-12-14T22:07:45",178964,https://dadosabertos.camara.leg.br/api/v2/deputados/178964,Heitor Schuch,PSB,https://dadosabertos.camara.leg.br/api/v2/partidos/36832,RS,57,https://www.camara.leg.br/internet/deputado/bandep/178964.jpg,dep.heitorschuch@camara.leg.br
"Sim","2023-12-14T22:07:41",220714,https://dadosabertos.camara.leg.br/api/v2/deputados/220714,Adail Filho,REPUBLICANOS,https://dadosabertos.camara.leg.br/api/v2/partidos/37908,AM,57,https://www.camara.leg.br/internet/deputado/bandep/220714.jpg,dep.adailfilho@camara.leg.br
"Sim","2023-12-14T22:07:41",222429,https://dadosabertos.camara.leg.br/api/v2/deputados/222429,Luis Carlos Gomes,REPUBLICANOS,https://dadosabertos.camara.leg.br/api/v2/partidos/37908,RJ,57,https://www.camara.leg.br/internet/deputado/bandep/222429.jpg,dep.luiscarlosgomes@camara.leg.br
"Sim","2023-12-14T22:07:38",150418,https://dadosabertos.camara.leg.br/api/v2/deputados/150418,Márcio Marinho,REPUBLICANOS,https://dadosabertos.camara.leg.br/api/v2/partidos/37908,BA,57,https://www.camara.leg.br/internet/deputado/bandep/150418.jpg,dep.marciomarinho@camara.leg.br
"Sim","2023-12-14T22:07:38",160665,https://dadosabertos.camara.leg.br/api/v2/deputados/160665,Augusto Coutinho,REPUBLICANOS,https://dadosabertos.camara.leg.br/api/v2/partidos/37908,PE,57,https://www.camara.leg.br/internet/deputado/bandep/160665.jpg,dep.augustocoutinho@camara.leg.br
"Obstrução","2023-12-14T22:07:38",227323,https://dadosabertos.camara.leg.br/api/v2/deputados/227323,Luciano Galego,PL,https://dadosabertos.camara.leg.br/api/v2/partidos/37906,MA,57,https://www.camara.leg.br/internet/deputado/bandep/227323.jpg,NA
"Sim","2023-12-14T22:07:37",204491,https://dadosabertos.camara.leg.br/api/v2/deputados/204491,Gilberto Abramo,REPUBLICANOS,https://dadosabertos.camara.leg.br/api/v2/partidos/37908,MG,57,https://www.camara.leg.br/internet/deputado/bandep/204491.jpg,dep.gilbertoabramo@camara.leg.br
"Sim","2023-12-14T22:07:37",220610,https://dadosabertos.camara.leg.br/api/v2/deputados/220610,Dr. Fernando Máximo,UNIÃO,https://dadosabertos.camara.leg.br/api/v2/partidos/38009,RO,57,https://www.camara.leg.br/internet/deputado/bandep/220610.jpg,dep.dr.fernandomaximo@camara.leg.br
"Sim","2023-12-14T22:07:34",220631,https://dadosabertos.camara.leg.br/api/v2/deputados/220631,Samuel Viana,PL,https://dadosabertos.camara.leg.br/api/v2/partidos/37906,MG,57,https://www.camara.leg.br/internet/deputado/bandep/220631.jpg,dep.samuelviana@camara.leg.br
"Sim","2023-12-14T22:07:33", 98057,https://dadosabertos.camara.leg.br/api/v2/deputados/98057,Lafayette de Andrada,REPUBLICANOS,https://dadosabertos.camara.leg.br/api/v2/partidos/37908,MG,57,https://www.camara.leg.br/internet/deputado/bandep/98057.jpg,dep.lafayettedeandrada@camara.leg.br
"Sim","2023-12-14T22:07:30",204394,https://dadosabertos.camara.leg.br/api/v2/deputados/204394,Gervásio Maia,PSB,https://dadosabertos.camara.leg.br/api/v2/partidos/36832,PB,57,https://www.camara.leg.br/internet/deputado/bandep/204394.jpg,dep.gervasiomaia@camara.leg.br
"Sim","2023-12-14T22:07:30",220531,https://dadosabertos.camara.leg.br/api/v2/deputados/220531,Gilvan Maximo,REPUBLICANOS,https://dadosabertos.camara.leg.br/api/v2/partidos/37908,DF,57,https://www.camara.leg.br/internet/deputado/bandep/220531.jpg,dep.gilvanmaximo@camara.leg.br
"Sim","2023-12-14T22:07:30",220543,https://dadosabertos.camara.leg.br/api/v2/deputados/220543,Ricardo Ayres,REPUBLICANOS,https://dadosabertos.camara.leg.br/api/v2/partidos/37908,TO,57,https://www.camara.leg.br/internet/deputado/bandep/220543.jpg,dep.ricardoayres@camara.leg.br
"Sim","2023-12-14T22:07:28",220703,https://dadosabertos.camara.leg.br/api/v2/deputados/220703,Neto Carletto,PP,https://dadosabertos.camara.leg.br/api/v2/partidos/37903,BA,57,https://www.camara.leg.br/internet/deputado/bandep/220703.jpg,dep.netocarletto@camara.leg.br
"Obstrução","2023-12-14T22:07:18",204378,https://dadosabertos.camara.leg.br/api/v2/deputados/204378,Coronel Chrisóstomo,PL,https://dadosabertos.camara.leg.br/api/v2/partidos/37906,RO,57,https://www.camara.leg.br/internet/deputado/bandep/204378.jpg,dep.coronelchrisostomo@camara.leg.br
"Obstrução","2023-12-14T22:07:17",227324,https://dadosabertos.camara.leg.br/api/v2/deputados/227324,Henrique Júnior,PL,https://dadosabertos.camara.leg.br/api/v2/partidos/37906,MA,57,https://www.camara.leg.br/internet/deputado/bandep/227324.jpg,NA
"Não","2023-12-14T22:07:08", 73692,https://dadosabertos.camara.leg.br/api/v2/deputados/73692,Osmar Terra,MDB,https://dadosabertos.camara.leg.br/api/v2/partidos/36899,RS,57,https://www.camara.leg.br/internet/deputado/bandep/73692.jpg,dep.osmarterra@camara.leg.br
"Sim","2023-12-14T22:07:08",220624,https://dadosabertos.camara.leg.br/api/v2/deputados/220624,Robinson Faria,PL,https://dadosabertos.camara.leg.br/api/v2/partidos/37906,RN,57,https://www.camara.leg.br/internet/deputado/bandep/220624.jpg,dep.robinsonfaria@camara.leg.br
"Sim","2023-12-14T22:07:07",220528,https://dadosabertos.camara.leg.br/api/v2/deputados/220528,Dr. Victor Linhalis,PODE,https://dadosabertos.camara.leg.br/api/v2/partidos/36896,ES,57,https://www.camara.leg.br/internet/deputado/bandep/220528.jpg,dep.dr.victorlinhalis@camara.leg.br
"Sim","2023-12-14T22:06:56",204474,https://dadosabertos.camara.leg.br/api/v2/deputados/204474,Juarez Costa,MDB,https://dadosabertos.camara.leg.br/api/v2/partidos/36899,MT,57,https://www.camara.leg.br/internet/deputado/bandep/204474.jpg,NA
"Sim","2023-12-14T22:06:50",204485,https://dadosabertos.camara.leg.br/api/v2/deputados/204485,Luiz Carlos Motta,PL,https://dadosabertos.camara.leg.br/api/v2/partidos/37906,SP,57,https://www.camara.leg.br/internet/deputado/bandep/204485.jpg,dep.luizcarlosmotta@camara.leg.br
"Sim","2023-12-14T22:06:45",220620,https://dadosabertos.camara.leg.br/api/v2/deputados/220620,Rosângela Reis,PL,https://dadosabertos.camara.leg.br/api/v2/partidos/37906,MG,57,https://www.camara.leg.br/internet/deputado/bandep/220620.jpg,dep.rosangelareis@camara.leg.br
"Sim","2023-12-14T22:06:42",220530,https://dadosabertos.camara.leg.br/api/v2/deputados/220530,Messias Donato,REPUBLICANOS,https://dadosabertos.camara.leg.br/api/v2/partidos/37908,ES,57,https://www.camara.leg.br/internet/deputado/bandep/220530.jpg,dep.messiasdonato@camara.leg.br
"Sim","2023-12-14T22:06:34",141470,https://dadosabertos.camara.leg.br/api/v2/deputados/141470,José Guimarães,PT,https://dadosabertos.camara.leg.br/api/v2/partidos/36844,CE,57,https://www.camara.leg.br/internet/deputado/bandep/141470.jpg,dep.joseguimaraes@camara.leg.br
"Obstrução","2023-12-14T22:06:28",204528,https://dadosabertos.camara.leg.br/api/v2/deputados/204528,Adriana Ventura,NOVO,https://dadosabertos.camara.leg.br/api/v2/partidos/37901,SP,57,https://www.camara.leg.br/internet/deputado/bandep/204528.jpg,dep.adrianaventura@camara.leg.br
"Sim","2023-12-14T22:06:27",220712,https://dadosabertos.camara.leg.br/api/v2/deputados/220712,Fausto Santos Jr.,UNIÃO,https://dadosabertos.camara.leg.br/api/v2/partidos/38009,AM,57,https://www.camara.leg.br/internet/deputado/bandep/220712.jpg,NA
"Obstrução","2023-12-14T22:06:23",227310,https://dadosabertos.camara.leg.br/api/v2/deputados/227310,Silvio Antonio,PL,https://dadosabertos.camara.leg.br/api/v2/partidos/37906,MA,57,https://www.camara.leg.br/internet/deputado/bandep/227310.jpg,NA
"Obstrução","2023-12-14T22:06:20",178946,https://dadosabertos.camara.leg.br/api/v2/deputados/178946,Soraya Santos,PL,https://dadosabertos.camara.leg.br/api/v2/partidos/37906,RJ,57,https://www.camara.leg.br/internet/deputado/bandep/178946.jpg,dep.sorayasantos@camara.leg.br
"Sim","2023-12-14T22:06:20",204391,https://dadosabertos.camara.leg.br/api/v2/deputados/204391,José Nelto,PP,https://dadosabertos.camara.leg.br/api/v2/partidos/37903,GO,57,https://www.camara.leg.br/internet/deputado/bandep/204391.jpg,dep.josenelto@camara.leg.br
"Não","2023-12-14T22:06:19",138286,https://dadosabertos.camara.leg.br/api/v2/deputados/138286,Luciano Alves,PSD,https://dadosabertos.camara.leg.br/api/v2/partidos/36834,PR,57,https://www.camara.leg.br/internet/deputado/bandep/138286.jpg,NA
"Sim","2023-12-14T22:06:05",204489,https://dadosabertos.camara.leg.br/api/v2/deputados/204489,Robério Monteiro,PDT,https://dadosabertos.camara.leg.br/api/v2/partidos/36786,CE,57,https://www.camara.leg.br/internet/deputado/bandep/204489.jpg,dep.roberiomonteiro@camara.leg.br
"Sim","2023-12-14T22:06:04", 74079,https://dadosabertos.camara.leg.br/api/v2/deputados/74079,José Priante,MDB,https://dadosabertos.camara.leg.br/api/v2/partidos/36899,PA,57,https://www.camara.leg.br/internet/deputado/bandep/74079.jpg,dep.josepriante@camara.leg.br
"Obstrução","2023-12-14T22:06:03",161550,https://dadosabertos.camara.leg.br/api/v2/deputados/161550,Emidinho Madeira,PL,https://dadosabertos.camara.leg.br/api/v2/partidos/37906,MG,57,https://www.camara.leg.br/internet/deputado/bandep/161550.jpg,dep.emidinhomadeira@camara.leg.br
"Sim","2023-12-14T22:06:01",220582,https://dadosabertos.camara.leg.br/api/v2/deputados/220582,Daniel Barbosa,PP,https://dadosabertos.camara.leg.br/api/v2/partidos/37903,AL,57,https://www.camara.leg.br/internet/deputado/bandep/220582.jpg,dep.danielbarbosa@camara.leg.br
"Sim","2023-12-14T22:05:56",220626,https://dadosabertos.camara.leg.br/api/v2/deputados/220626,Rafael Simoes,UNIÃO,https://dadosabertos.camara.leg.br/api/v2/partidos/38009,MG,57,https://www.camara.leg.br/internet/deputado/bandep/220626.jpg,dep.rafaelsimoes@camara.leg.br
"Sim","2023-12-14T22:05:47",220660,https://dadosabertos.camara.leg.br/api/v2/deputados/220660,Yury do Paredão,MDB,https://dadosabertos.camara.leg.br/api/v2/partidos/36899,CE,57,https://www.camara.leg.br/internet/deputado/bandep/220660.jpg,dep.yurydoparedao@camara.leg.br
"Não","2023-12-14T22:05:45",204409,https://dadosabertos.camara.leg.br/api/v2/deputados/204409,Daniel Trzeciak,PSDB,https://dadosabertos.camara.leg.br/api/v2/partidos/36835,RS,57,https://www.camara.leg.br/internet/deputado/bandep/204409.jpg,dep.danieltrzeciak@camara.leg.br
"Sim","2023-12-14T22:05:39",220694,https://dadosabertos.camara.leg.br/api/v2/deputados/220694,Ricardo Maia,MDB,https://dadosabertos.camara.leg.br/api/v2/partidos/36899,BA,57,https://www.camara.leg.br/internet/deputado/bandep/220694.jpg,dep.ricardomaia@camara.leg.br
"Sim","2023-12-14T22:05:36",220670,https://dadosabertos.camara.leg.br/api/v2/deputados/220670,Iza Arruda,MDB,https://dadosabertos.camara.leg.br/api/v2/partidos/36899,PE,57,https://www.camara.leg.br/internet/deputado/bandep/220670.jpg,dep.izaarruda@camara.leg.br
"Não","2023-12-14T22:05:34",166402,https://dadosabertos.camara.leg.br/api/v2/deputados/166402,Magda Mofatto,PATRIOTA,https://dadosabertos.camara.leg.br/api/v2/partidos/37907,GO,57,https://www.camara.leg.br/internet/deputado/bandep/166402.jpg,dep.magdamofatto@camara.leg.br
"Sim","2023-12-14T22:05:28",220675,https://dadosabertos.camara.leg.br/api/v2/deputados/220675,Antônio Doido,MDB,https://dadosabertos.camara.leg.br/api/v2/partidos/36899,PA,57,https://www.camara.leg.br/internet/deputado/bandep/220675.jpg,dep.antoniodoido@camara.leg.br
"Obstrução","2023-12-14T22:05:27",220619,https://dadosabertos.camara.leg.br/api/v2/deputados/220619,Delegado Ramagem,PL,https://dadosabertos.camara.leg.br/api/v2/partidos/37906,RJ,57,https://www.camara.leg.br/internet/deputado/bandep/220619.jpg,dep.delegadoramagem@camara.leg.br
"Obstrução","2023-12-14T22:05:24",204507,https://dadosabertos.camara.leg.br/api/v2/deputados/204507,Carla Zambelli,PL,https://dadosabertos.camara.leg.br/api/v2/partidos/37906,SP,57,https://www.camara.leg.br/internet/deputado/bandep/204507.jpg,dep.carlazambelli@camara.leg.br
"Obstrução","2023-12-14T22:05:20",204481,https://dadosabertos.camara.leg.br/api/v2/deputados/204481,Dr. Jaziel,PL,https://dadosabertos.camara.leg.br/api/v2/partidos/37906,CE,57,https://www.camara.leg.br/internet/deputado/bandep/204481.jpg,dep.dr.jaziel@camara.leg.br
"Sim","2023-12-14T22:05:20",220677,https://dadosabertos.camara.leg.br/api/v2/deputados/220677,Keniston Braga,MDB,https://dadosabertos.camara.leg.br/api/v2/partidos/36899,PA,57,https://www.camara.leg.br/internet/deputado/bandep/220677.jpg,dep.kenistonbraga@camara.leg.br
"Obstrução","2023-12-14T22:05:18", 74383,https://dadosabertos.camara.leg.br/api/v2/deputados/74383,Giacobo,PL,https://dadosabertos.camara.leg.br/api/v2/partidos/37906,PR,57,https://www.camara.leg.br/internet/deputado/bandep/74383.jpg,dep.giacobo@camara.leg.br
"Sim","2023-12-14T22:05:18",220676,https://dadosabertos.camara.leg.br/api/v2/deputados/220676,Andreia Siqueira,MDB,https://dadosabertos.camara.leg.br/api/v2/partidos/36899,PA,57,https://www.camara.leg.br/internet/deputado/bandep/220676.jpg,dep.andreiasiqueira@camara.leg.br
"Sim","2023-12-14T22:05:15",220577,https://dadosabertos.camara.leg.br/api/v2/deputados/220577,Augusto Puppio,MDB,https://dadosabertos.camara.leg.br/api/v2/partidos/36899,AP,57,https://www.camara.leg.br/internet/deputado/bandep/220577.jpg,dep.augustopuppio@camara.leg.br
"Sim","2023-12-14T22:05:13", 73806,https://dadosabertos.camara.leg.br/api/v2/deputados/73806,Roseana Sarney,MDB,https://dadosabertos.camara.leg.br/api/v2/partidos/36899,MA,57,https://www.camara.leg.br/internet/deputado/bandep/73806.jpg,NA
"Sim","2023-12-14T22:05:11",220532,https://dadosabertos.camara.leg.br/api/v2/deputados/220532,Rafael Prudente,MDB,https://dadosabertos.camara.leg.br/api/v2/partidos/36899,DF,57,https://www.camara.leg.br/internet/deputado/bandep/220532.jpg,dep.rafaelprudente@camara.leg.br
"Sim","2023-12-14T22:05:10",220653,https://dadosabertos.camara.leg.br/api/v2/deputados/220653,Fábio Teruel,MDB,https://dadosabertos.camara.leg.br/api/v2/partidos/36899,SP,57,https://www.camara.leg.br/internet/deputado/bandep/220653.jpg,dep.fabioteruel@camara.leg.br
"Obstrução","2023-12-14T22:05:07",204369,https://dadosabertos.camara.leg.br/api/v2/deputados/204369,Caroline de Toni,PL,https://dadosabertos.camara.leg.br/api/v2/partidos/37906,SC,57,https://www.camara.leg.br/internet/deputado/bandep/204369.jpg,dep.carolinedetoni@camara.leg.br
"Sim","2023-12-14T22:05:04",215043,https://dadosabertos.camara.leg.br/api/v2/deputados/215043,Josivaldo JP,PSD,https://dadosabertos.camara.leg.br/api/v2/partidos/36834,MA,57,https://www.camara.leg.br/internet/deputado/bandep/215043.jpg,dep.josivaldojp@camara.leg.br
"Sim","2023-12-14T22:04:58",204498,https://dadosabertos.camara.leg.br/api/v2/deputados/204498,Olival Marques,MDB,https://dadosabertos.camara.leg.br/api/v2/partidos/36899,PA,57,https://www.camara.leg.br/internet/deputado/bandep/204498.jpg,dep.olivalmarques@camara.leg.br
"Sim","2023-12-14T22:04:57", 73433,https://dadosabertos.camara.leg.br/api/v2/deputados/73433,Arlindo Chinaglia,PT,https://dadosabertos.camara.leg.br/api/v2/partidos/36844,SP,57,https://www.camara.leg.br/internet/deputado/bandep/73433.jpg,dep.arlindochinaglia@camara.leg.br
"Não","2023-12-14T22:04:56",220551,https://dadosabertos.camara.leg.br/api/v2/deputados/220551,Franciane Bayer,REPUBLICANOS,https://dadosabertos.camara.leg.br/api/v2/partidos/37908,RS,57,https://www.camara.leg.br/internet/deputado/bandep/220551.jpg,dep.francianebayer@camara.leg.br
"Obstrução","2023-12-14T22:04:53",220628,https://dadosabertos.camara.leg.br/api/v2/deputados/220628,Mauricio do Vôlei,PL,https://dadosabertos.camara.leg.br/api/v2/partidos/37906,MG,57,https://www.camara.leg.br/internet/deputado/bandep/220628.jpg,dep.mauriciodovolei@camara.leg.br
"Sim","2023-12-14T22:04:48", 74858,https://dadosabertos.camara.leg.br/api/v2/deputados/74858,Lindbergh Farias,PT,https://dadosabertos.camara.leg.br/api/v2/partidos/36844,RJ,57,https://www.camara.leg.br/internet/deputado/bandep/74858.jpg,dep.lindberghfarias@camara.leg.br
"Sim","2023-12-14T22:04:44",214694,https://dadosabertos.camara.leg.br/api/v2/deputados/214694,Jorge Goetten,PL,https://dadosabertos.camara.leg.br/api/v2/partidos/37906,SC,57,https://www.camara.leg.br/internet/deputado/bandep/214694.jpg,dep.jorgegoetten@camara.leg.br
"Sim","2023-12-14T22:04:39", 74160,https://dadosabertos.camara.leg.br/api/v2/deputados/74160,Patrus Ananias,PT,https://dadosabertos.camara.leg.br/api/v2/partidos/36844,MG,57,https://www.camara.leg.br/internet/deputado/bandep/74160.jpg,dep.patrusananias@camara.leg.br
"Sim","2023-12-14T22:04:30",204553,https://dadosabertos.camara.leg.br/api/v2/deputados/204553,Pastor Sargento Isidório,AVANTE,https://dadosabertos.camara.leg.br/api/v2/partidos/36898,BA,57,https://www.camara.leg.br/internet/deputado/bandep/204553.jpg,dep.pastorsargentoisidorio@camara.leg.br
"Obstrução","2023-12-14T22:04:29",156190,https://dadosabertos.camara.leg.br/api/v2/deputados/156190,Marcel van Hattem,NOVO,https://dadosabertos.camara.leg.br/api/v2/partidos/37901,RS,57,https://www.camara.leg.br/internet/deputado/bandep/156190.jpg,dep.marcelvanhattem@camara.leg.br
"Não","2023-12-14T22:04:28", 73778,https://dadosabertos.camara.leg.br/api/v2/deputados/73778,Luiz Carlos Hauly,PODE,https://dadosabertos.camara.leg.br/api/v2/partidos/36896,PR,57,https://www.camara.leg.br/internet/deputado/bandep/73778.jpg,dep.luizcarloshauly@camara.leg.br
"Sim","2023-12-14T22:04:25",107283,https://dadosabertos.camara.leg.br/api/v2/deputados/107283,Gleisi Hoffmann,PT,https://dadosabertos.camara.leg.br/api/v2/partidos/36844,PR,57,https://www.camara.leg.br/internet/deputado/bandep/107283.jpg,dep.gleisihoffmann@camara.leg.br
"Sim","2023-12-14T22:04:25",220597,https://dadosabertos.camara.leg.br/api/v2/deputados/220597,Thiago Flores,MDB,https://dadosabertos.camara.leg.br/api/v2/partidos/36899,RO,57,https://www.camara.leg.br/internet/deputado/bandep/220597.jpg,dep.thiagoflores@camara.leg.br
"Sim","2023-12-14T22:04:25",220665,https://dadosabertos.camara.leg.br/api/v2/deputados/220665,Clarissa Tércio,PP,https://dadosabertos.camara.leg.br/api/v2/partidos/37903,PE,57,https://www.camara.leg.br/internet/deputado/bandep/220665.jpg,NA
"Sim","2023-12-14T22:04:23",220591,https://dadosabertos.camara.leg.br/api/v2/deputados/220591,Meire Serafim,UNIÃO,https://dadosabertos.camara.leg.br/api/v2/partidos/38009,AC,57,https://www.camara.leg.br/internet/deputado/bandep/220591.jpg,dep.meireserafim@camara.leg.br
"Não","2023-12-14T22:04:21",178860,https://dadosabertos.camara.leg.br/api/v2/deputados/178860,Paulo Azi,UNIÃO,https://dadosabertos.camara.leg.br/api/v2/partidos/38009,BA,57,https://www.camara.leg.br/internet/deputado/bandep/178860.jpg,dep.pauloazi@camara.leg.br
"Sim","2023-12-14T22:04:13",220685,https://dadosabertos.camara.leg.br/api/v2/deputados/220685,Paulo Litro,PSD,https://dadosabertos.camara.leg.br/api/v2/partidos/36834,PR,57,https://www.camara.leg.br/internet/deputado/bandep/220685.jpg,dep.paulolitro@camara.leg.br
"Sim","2023-12-14T22:04:12",220578,https://dadosabertos.camara.leg.br/api/v2/deputados/220578,Josenildo,PDT,https://dadosabertos.camara.leg.br/api/v2/partidos/36786,AP,57,https://www.camara.leg.br/internet/deputado/bandep/220578.jpg,dep.josenildo@camara.leg.br
"Não","2023-12-14T22:04:10",220566,https://dadosabertos.camara.leg.br/api/v2/deputados/220566,Lêda Borges,PSDB,https://dadosabertos.camara.leg.br/api/v2/partidos/36835,GO,57,https://www.camara.leg.br/internet/deputado/bandep/220566.jpg,dep.ledaborges@camara.leg.br
"Sim","2023-12-14T22:04:07",160604,https://dadosabertos.camara.leg.br/api/v2/deputados/160604,Pedro Uczai,PT,https://dadosabertos.camara.leg.br/api/v2/partidos/36844,SC,57,https://www.camara.leg.br/internet/deputado/bandep/160604.jpg,NA
"Não","2023-12-14T22:04:01",220627,https://dadosabertos.camara.leg.br/api/v2/deputados/220627,Paulinho Freire,UNIÃO,https://dadosabertos.camara.leg.br/api/v2/partidos/38009,RN,57,https://www.camara.leg.br/internet/deputado/bandep/220627.jpg,dep.paulinhofreire@camara.leg.br
"Sim","2023-12-14T22:03:55",160518,https://dadosabertos.camara.leg.br/api/v2/deputados/160518,Weliton Prado,SOLIDARIEDADE,https://dadosabertos.camara.leg.br/api/v2/partidos/37904,MG,57,https://www.camara.leg.br/internet/deputado/bandep/160518.jpg,dep.welitonprado@camara.leg.br
"Sim","2023-12-14T22:03:53",160632,https://dadosabertos.camara.leg.br/api/v2/deputados/160632,Zé Silva,SOLIDARIEDADE,https://dadosabertos.camara.leg.br/api/v2/partidos/37904,MG,57,https://www.camara.leg.br/internet/deputado/bandep/160632.jpg,dep.zesilva@camara.leg.br
"Não","2023-12-14T22:03:52",204351,https://dadosabertos.camara.leg.br/api/v2/deputados/204351,Dr. Luiz Ovando,PP,https://dadosabertos.camara.leg.br/api/v2/partidos/37903,MS,57,https://www.camara.leg.br/internet/deputado/bandep/204351.jpg,dep.dr.luizovando@camara.leg.br
"Sim","2023-12-14T22:03:51",160559,https://dadosabertos.camara.leg.br/api/v2/deputados/160559,Alceu Moreira,MDB,https://dadosabertos.camara.leg.br/api/v2/partidos/36899,RS,57,https://www.camara.leg.br/internet/deputado/bandep/160559.jpg,dep.alceumoreira@camara.leg.br
"Sim","2023-12-14T22:03:51",223128,https://dadosabertos.camara.leg.br/api/v2/deputados/223128,Rodrigo Estacho,PSD,https://dadosabertos.camara.leg.br/api/v2/partidos/36834,PR,57,https://www.camara.leg.br/internet/deputado/bandep/223128.jpg,dep.rodrigoestacho@camara.leg.br
"Obstrução","2023-12-14T22:03:49",220568,https://dadosabertos.camara.leg.br/api/v2/deputados/220568,Gustavo Gayer,PL,https://dadosabertos.camara.leg.br/api/v2/partidos/37906,GO,57,https://www.camara.leg.br/internet/deputado/bandep/220568.jpg,dep.gustavogayer@camara.leg.br
"Sim","2023-12-14T22:03:47",220585,https://dadosabertos.camara.leg.br/api/v2/deputados/220585,Mersinho Lucena,PP,https://dadosabertos.camara.leg.br/api/v2/partidos/37903,PB,57,https://www.camara.leg.br/internet/deputado/bandep/220585.jpg,NA
"Sim","2023-12-14T22:03:32",220580,https://dadosabertos.camara.leg.br/api/v2/deputados/220580,Professora Goreth,PDT,https://dadosabertos.camara.leg.br/api/v2/partidos/36786,AP,57,https://www.camara.leg.br/internet/deputado/bandep/220580.jpg,dep.professoragoreth@camara.leg.br
"Sim","2023-12-14T22:03:24",205865,https://dadosabertos.camara.leg.br/api/v2/deputados/205865,Reinhold Stephanes,PSD,https://dadosabertos.camara.leg.br/api/v2/partidos/36834,PR,57,https://www.camara.leg.br/internet/deputado/bandep/205865.jpg,dep.reinholdstephanes@camara.leg.br
"Obstrução","2023-12-14T22:03:17",204374,https://dadosabertos.camara.leg.br/api/v2/deputados/204374,Bia Kicis,PL,https://dadosabertos.camara.leg.br/api/v2/partidos/37906,DF,57,https://www.camara.leg.br/internet/deputado/bandep/204374.jpg,dep.biakicis@camara.leg.br
"Não","2023-12-14T22:03:13",178963,https://dadosabertos.camara.leg.br/api/v2/deputados/178963,Covatti Filho,PP,https://dadosabertos.camara.leg.br/api/v2/partidos/37903,RS,57,https://www.camara.leg.br/internet/deputado/bandep/178963.jpg,dep.covattifilho@camara.leg.br
"Sim","2023-12-14T22:03:12",220533,https://dadosabertos.camara.leg.br/api/v2/deputados/220533,Prof. Reginaldo Veras,PV,https://dadosabertos.camara.leg.br/api/v2/partidos/36851,DF,57,https://www.camara.leg.br/internet/deputado/bandep/220533.jpg,dep.prof.reginaldoveras@camara.leg.br
"Sim","2023-12-14T22:03:09",204515,https://dadosabertos.camara.leg.br/api/v2/deputados/204515,André Janones,AVANTE,https://dadosabertos.camara.leg.br/api/v2/partidos/36898,MG,57,https://www.camara.leg.br/internet/deputado/bandep/204515.jpg,dep.andrejanones@camara.leg.br
"Sim","2023-12-14T22:03:02",204464,https://dadosabertos.camara.leg.br/api/v2/deputados/204464,Talíria Petrone,PSOL,https://dadosabertos.camara.leg.br/api/v2/partidos/36839,RJ,57,https://www.camara.leg.br/internet/deputado/bandep/204464.jpg,dep.taliriapetrone@camara.leg.br
"Não","2023-12-14T22:03:02",227370,https://dadosabertos.camara.leg.br/api/v2/deputados/227370,Felipe Saliba,PATRIOTA,https://dadosabertos.camara.leg.br/api/v2/partidos/37907,MG,57,https://www.camara.leg.br/internet/deputado/bandep/227370.jpg,NA
"Sim","2023-12-14T22:02:53", 74398,https://dadosabertos.camara.leg.br/api/v2/deputados/74398,Maria do Rosário,PT,https://dadosabertos.camara.leg.br/api/v2/partidos/36844,RS,57,https://www.camara.leg.br/internet/deputado/bandep/74398.jpg,dep.mariadorosario@camara.leg.br
"Sim","2023-12-14T22:02:53",204557,https://dadosabertos.camara.leg.br/api/v2/deputados/204557,Sidney Leite,PSD,https://dadosabertos.camara.leg.br/api/v2/partidos/36834,AM,57,https://www.camara.leg.br/internet/deputado/bandep/204557.jpg,dep.sidneyleite@camara.leg.br
"Sim","2023-12-14T22:02:49",204445,https://dadosabertos.camara.leg.br/api/v2/deputados/204445,Fernando Mineiro,PT,https://dadosabertos.camara.leg.br/api/v2/partidos/36844,RN,57,https://www.camara.leg.br/internet/deputado/bandep/204445.jpg,dep.fernandomineiro@camara.leg.br
"Obstrução","2023-12-14T22:02:46",160642,https://dadosabertos.camara.leg.br/api/v2/deputados/160642,Pastor Eurico,PL,https://dadosabertos.camara.leg.br/api/v2/partidos/37906,PE,57,https://www.camara.leg.br/internet/deputado/bandep/160642.jpg,dep.pastoreurico@camara.leg.br
"Sim","2023-12-14T22:02:33", 62881,https://dadosabertos.camara.leg.br/api/v2/deputados/62881,Danilo Forte,UNIÃO,https://dadosabertos.camara.leg.br/api/v2/partidos/38009,CE,57,https://www.camara.leg.br/internet/deputado/bandep/62881.jpg,dep.daniloforte@camara.leg.br
"Sim","2023-12-14T22:02:33",178896,https://dadosabertos.camara.leg.br/api/v2/deputados/178896,Newton Cardoso Jr,MDB,https://dadosabertos.camara.leg.br/api/v2/partidos/36899,MG,57,https://www.camara.leg.br/internet/deputado/bandep/178896.jpg,dep.newtoncardosojr@camara.leg.br
"Sim","2023-12-14T22:02:32", 74090,https://dadosabertos.camara.leg.br/api/v2/deputados/74090,Átila Lins,PSD,https://dadosabertos.camara.leg.br/api/v2/partidos/36834,AM,57,https://www.camara.leg.br/internet/deputado/bandep/74090.jpg,dep.atilalins@camara.leg.br
"Sim","2023-12-14T22:02:28",141408,https://dadosabertos.camara.leg.br/api/v2/deputados/141408,Cleber Verde,MDB,https://dadosabertos.camara.leg.br/api/v2/partidos/36899,MA,57,https://www.camara.leg.br/internet/deputado/bandep/141408.jpg,dep.cleberverde@camara.leg.br
"Sim","2023-12-14T22:02:19",160575,https://dadosabertos.camara.leg.br/api/v2/deputados/160575,Erika Kokay,PT,https://dadosabertos.camara.leg.br/api/v2/partidos/36844,DF,57,https://www.camara.leg.br/internet/deputado/bandep/160575.jpg,dep.erikakokay@camara.leg.br
"Sim","2023-12-14T22:02:19",220549,https://dadosabertos.camara.leg.br/api/v2/deputados/220549,Any Ortiz,CIDADANIA,https://dadosabertos.camara.leg.br/api/v2/partidos/37905,RS,57,https://www.camara.leg.br/internet/deputado/bandep/220549.jpg,dep.anyortiz@camara.leg.br
"Sim","2023-12-14T22:02:17",204479,https://dadosabertos.camara.leg.br/api/v2/deputados/204479,Nicoletti,UNIÃO,https://dadosabertos.camara.leg.br/api/v2/partidos/38009,RR,57,https://www.camara.leg.br/internet/deputado/bandep/204479.jpg,dep.nicoletti@camara.leg.br
"Obstrução","2023-12-14T22:02:13",220611,https://dadosabertos.camara.leg.br/api/v2/deputados/220611,General Pazuello,PL,https://dadosabertos.camara.leg.br/api/v2/partidos/37906,RJ,57,https://www.camara.leg.br/internet/deputado/bandep/220611.jpg,dep.generalpazuello@camara.leg.br
"Sim","2023-12-14T22:02:12",116379,https://dadosabertos.camara.leg.br/api/v2/deputados/116379,Darci de Matos,PSD,https://dadosabertos.camara.leg.br/api/v2/partidos/36834,SC,57,https://www.camara.leg.br/internet/deputado/bandep/116379.jpg,dep.darcidematos@camara.leg.br
"Sim","2023-12-14T22:02:12",220606,https://dadosabertos.camara.leg.br/api/v2/deputados/220606,Reimont,PT,https://dadosabertos.camara.leg.br/api/v2/partidos/36844,RJ,57,https://www.camara.leg.br/internet/deputado/bandep/220606.jpg,dep.reimont@camara.leg.br
"Obstrução","2023-12-14T22:02:08",204460,https://dadosabertos.camara.leg.br/api/v2/deputados/204460,Carlos Jordy,PL,https://dadosabertos.camara.leg.br/api/v2/partidos/37906,RJ,57,https://www.camara.leg.br/internet/deputado/bandep/204460.jpg,NA
"Sim","2023-12-14T22:01:59",160666,https://dadosabertos.camara.leg.br/api/v2/deputados/160666,Félix Mendonça Júnior,PDT,https://dadosabertos.camara.leg.br/api/v2/partidos/36786,BA,57,https://www.camara.leg.br/internet/deputado/bandep/160666.jpg,dep.felixmendoncajunior@camara.leg.br
"Sim","2023-12-14T22:01:55",160556,https://dadosabertos.camara.leg.br/api/v2/deputados/160556,Padre João,PT,https://dadosabertos.camara.leg.br/api/v2/partidos/36844,MG,57,https://www.camara.leg.br/internet/deputado/bandep/160556.jpg,dep.padrejoao@camara.leg.br
"Sim","2023-12-14T22:01:52",220696,https://dadosabertos.camara.leg.br/api/v2/deputados/220696,Ivoneide Caetano,PT,https://dadosabertos.camara.leg.br/api/v2/partidos/36844,BA,57,https://www.camara.leg.br/internet/deputado/bandep/220696.jpg,dep.ivoneidecaetano@camara.leg.br
"Sim","2023-12-14T22:01:51",160598,https://dadosabertos.camara.leg.br/api/v2/deputados/160598,Flávia Morais,PDT,https://dadosabertos.camara.leg.br/api/v2/partidos/36786,GO,57,https://www.camara.leg.br/internet/deputado/bandep/160598.jpg,dep.flaviamorais@camara.leg.br
"Não","2023-12-14T22:01:51",178966,https://dadosabertos.camara.leg.br/api/v2/deputados/178966,Geovania de Sá,PSDB,https://dadosabertos.camara.leg.br/api/v2/partidos/36835,SC,57,https://www.camara.leg.br/internet/deputado/bandep/178966.jpg,NA
"Sim","2023-12-14T22:01:50",204533,https://dadosabertos.camara.leg.br/api/v2/deputados/204533,Idilvan Alencar,PDT,https://dadosabertos.camara.leg.br/api/v2/partidos/36786,CE,57,https://www.camara.leg.br/internet/deputado/bandep/204533.jpg,dep.idilvanalencar@camara.leg.br
"Sim","2023-12-14T22:01:42",141480,https://dadosabertos.camara.leg.br/api/v2/deputados/141480,Lázaro Botelho,PP,https://dadosabertos.camara.leg.br/api/v2/partidos/37903,TO,57,https://www.camara.leg.br/internet/deputado/bandep/141480.jpg,dep.lazarobotelho@camara.leg.br
"Sim","2023-12-14T22:01:37",220692,https://dadosabertos.camara.leg.br/api/v2/deputados/220692,Dal Barreto,UNIÃO,https://dadosabertos.camara.leg.br/api/v2/partidos/38009,BA,57,https://www.camara.leg.br/internet/deputado/bandep/220692.jpg,dep.dalbarreto@camara.leg.br
"Obstrução","2023-12-14T22:01:35",160976,https://dadosabertos.camara.leg.br/api/v2/deputados/160976,Tiririca,PL,https://dadosabertos.camara.leg.br/api/v2/partidos/37906,SP,57,https://www.camara.leg.br/internet/deputado/bandep/160976.jpg,dep.tiririca@camara.leg.br
"Não","2023-12-14T22:01:33",204506,https://dadosabertos.camara.leg.br/api/v2/deputados/204506,Marcos Pereira,REPUBLICANOS,https://dadosabertos.camara.leg.br/api/v2/partidos/37908,SP,57,https://www.camara.leg.br/internet/deputado/bandep/204506.jpg,dep.marcospereira@camara.leg.br
"Sim","2023-12-14T22:01:32",178835,https://dadosabertos.camara.leg.br/api/v2/deputados/178835,Afonso Motta,PDT,https://dadosabertos.camara.leg.br/api/v2/partidos/36786,RS,57,https://www.camara.leg.br/internet/deputado/bandep/178835.jpg,dep.afonsomotta@camara.leg.br
"Sim","2023-12-14T22:01:30",220697,https://dadosabertos.camara.leg.br/api/v2/deputados/220697,Jadyel Alencar,PV,https://dadosabertos.camara.leg.br/api/v2/partidos/36851,PI,57,https://www.camara.leg.br/internet/deputado/bandep/220697.jpg,dep.jadyelalencar@camara.leg.br
"Sim","2023-12-14T22:01:28", 74371,https://dadosabertos.camara.leg.br/api/v2/deputados/74371,Rubens Otoni,PT,https://dadosabertos.camara.leg.br/api/v2/partidos/36844,GO,57,https://www.camara.leg.br/internet/deputado/bandep/74371.jpg,dep.rubensotoni@camara.leg.br
"Sim","2023-12-14T22:01:27",220663,https://dadosabertos.camara.leg.br/api/v2/deputados/220663,Eriberto Medeiros,PSB,https://dadosabertos.camara.leg.br/api/v2/partidos/36832,PE,57,https://www.camara.leg.br/internet/deputado/bandep/220663.jpg,dep.eribertomedeiros@camara.leg.br
"Sim","2023-12-14T22:01:21",178986,https://dadosabertos.camara.leg.br/api/v2/deputados/178986,Nilto Tatto,PT,https://dadosabertos.camara.leg.br/api/v2/partidos/36844,SP,57,https://www.camara.leg.br/internet/deputado/bandep/178986.jpg,dep.niltotatto@camara.leg.br
"Sim","2023-12-14T22:01:18",220672,https://dadosabertos.camara.leg.br/api/v2/deputados/220672,Henderson Pinto,MDB,https://dadosabertos.camara.leg.br/api/v2/partidos/36899,PA,57,https://www.camara.leg.br/internet/deputado/bandep/220672.jpg,dep.hendersonpinto@camara.leg.br
"Não","2023-12-14T22:01:17",220609,https://dadosabertos.camara.leg.br/api/v2/deputados/220609,Maurício Carvalho,UNIÃO,https://dadosabertos.camara.leg.br/api/v2/partidos/38009,RO,57,https://www.camara.leg.br/internet/deputado/bandep/220609.jpg,dep.mauriciocarvalho@camara.leg.br
"Sim","2023-12-14T22:01:15", 80815,https://dadosabertos.camara.leg.br/api/v2/deputados/80815,Leo Prates,PDT,https://dadosabertos.camara.leg.br/api/v2/partidos/36786,BA,57,https://www.camara.leg.br/internet/deputado/bandep/80815.jpg,dep.leoprates@camara.leg.br
"Não","2023-12-14T22:01:15",178992,https://dadosabertos.camara.leg.br/api/v2/deputados/178992,Vitor Lippi,PSDB,https://dadosabertos.camara.leg.br/api/v2/partidos/36835,SP,57,https://www.camara.leg.br/internet/deputado/bandep/178992.jpg,dep.vitorlippi@camara.leg.br
"Obstrução","2023-12-14T22:01:15",204367,https://dadosabertos.camara.leg.br/api/v2/deputados/204367,Daniel Freitas,PL,https://dadosabertos.camara.leg.br/api/v2/partidos/37906,SC,57,https://www.camara.leg.br/internet/deputado/bandep/204367.jpg,dep.danielfreitas@camara.leg.br
"Obstrução","2023-12-14T22:01:14",209787,https://dadosabertos.camara.leg.br/api/v2/deputados/209787,Nikolas Ferreira,PL,https://dadosabertos.camara.leg.br/api/v2/partidos/37906,MG,57,https://www.camara.leg.br/internet/deputado/bandep/209787.jpg,dep.nikolasferreira@camara.leg.br
"Obstrução","2023-12-14T22:01:11",178983,https://dadosabertos.camara.leg.br/api/v2/deputados/178983,Marcio Alvino,PL,https://dadosabertos.camara.leg.br/api/v2/partidos/37906,SP,57,https://www.camara.leg.br/internet/deputado/bandep/178983.jpg,dep.marcioalvino@camara.leg.br
"Sim","2023-12-14T22:01:09",178997,https://dadosabertos.camara.leg.br/api/v2/deputados/178997,Moses Rodrigues,UNIÃO,https://dadosabertos.camara.leg.br/api/v2/partidos/38009,CE,57,https://www.camara.leg.br/internet/deputado/bandep/178997.jpg,dep.mosesrodrigues@camara.leg.br
"Sim","2023-12-14T22:01:09",220669,https://dadosabertos.camara.leg.br/api/v2/deputados/220669,Lula da Fonte,PP,https://dadosabertos.camara.leg.br/api/v2/partidos/37903,PE,57,https://www.camara.leg.br/internet/deputado/bandep/220669.jpg,dep.luladafonte@camara.leg.br
"Não","2023-12-14T22:01:08", 74374,https://dadosabertos.camara.leg.br/api/v2/deputados/74374,Geraldo Resende,PSDB,https://dadosabertos.camara.leg.br/api/v2/partidos/36835,MS,57,https://www.camara.leg.br/internet/deputado/bandep/74374.jpg,dep.geraldoresende@camara.leg.br
"Obstrução","2023-12-14T22:01:08",220655,https://dadosabertos.camara.leg.br/api/v2/deputados/220655,Mario Frias,PL,https://dadosabertos.camara.leg.br/api/v2/partidos/37906,SP,57,https://www.camara.leg.br/internet/deputado/bandep/220655.jpg,dep.mariofrias@camara.leg.br
"Sim","2023-12-14T22:01:07",157130,https://dadosabertos.camara.leg.br/api/v2/deputados/157130,Túlio Gadêlha,REDE,https://dadosabertos.camara.leg.br/api/v2/partidos/36886,PE,57,https://www.camara.leg.br/internet/deputado/bandep/157130.jpg,dep.tuliogadelha@camara.leg.br
"Obstrução","2023-12-14T22:01:07",160558,https://dadosabertos.camara.leg.br/api/v2/deputados/160558,Paulo Freire Costa,PL,https://dadosabertos.camara.leg.br/api/v2/partidos/37906,SP,57,https://www.camara.leg.br/internet/deputado/bandep/160558.jpg,dep.paulofreirecosta@camara.leg.br
"Sim","2023-12-14T22:01:05",220646,https://dadosabertos.camara.leg.br/api/v2/deputados/220646,Felipe Becari,UNIÃO,https://dadosabertos.camara.leg.br/api/v2/partidos/38009,SP,57,https://www.camara.leg.br/internet/deputado/bandep/220646.jpg,NA
"Sim","2023-12-14T22:01:04",123086,https://dadosabertos.camara.leg.br/api/v2/deputados/123086,Átila Lira,PP,https://dadosabertos.camara.leg.br/api/v2/partidos/37903,PI,57,https://www.camara.leg.br/internet/deputado/bandep/123086.jpg,dep.atilalira@camara.leg.br
"Sim","2023-12-14T22:01:03",204459,https://dadosabertos.camara.leg.br/api/v2/deputados/204459,Daniela do Waguinho,UNIÃO,https://dadosabertos.camara.leg.br/api/v2/partidos/38009,RJ,57,https://www.camara.leg.br/internet/deputado/bandep/204459.jpg,dep.danieladowaguinho@camara.leg.br
"Não","2023-12-14T22:01:02",220599,https://dadosabertos.camara.leg.br/api/v2/deputados/220599,Marcelo Crivella,REPUBLICANOS,https://dadosabertos.camara.leg.br/api/v2/partidos/37908,RJ,57,https://www.camara.leg.br/internet/deputado/bandep/220599.jpg,dep.marcelocrivella@camara.leg.br
"Sim","2023-12-14T22:01:01",160517,https://dadosabertos.camara.leg.br/api/v2/deputados/160517,Paulo Folletto,PSB,https://dadosabertos.camara.leg.br/api/v2/partidos/36832,ES,57,https://www.camara.leg.br/internet/deputado/bandep/160517.jpg,dep.paulofolletto@camara.leg.br
"Sim","2023-12-14T22:00:59",160548,https://dadosabertos.camara.leg.br/api/v2/deputados/160548,Jonas Donizette,PSB,https://dadosabertos.camara.leg.br/api/v2/partidos/36832,SP,57,https://www.camara.leg.br/internet/deputado/bandep/160548.jpg,dep.jonasdonizette@camara.leg.br
"Não","2023-12-14T22:00:56",220576,https://dadosabertos.camara.leg.br/api/v2/deputados/220576,Alfredo Gaspar,UNIÃO,https://dadosabertos.camara.leg.br/api/v2/partidos/38009,AL,57,https://www.camara.leg.br/internet/deputado/bandep/220576.jpg,dep.alfredogaspar@camara.leg.br
"Sim","2023-12-14T22:00:56",220667,https://dadosabertos.camara.leg.br/api/v2/deputados/220667,Pedro Campos,PSB,https://dadosabertos.camara.leg.br/api/v2/partidos/36832,PE,57,https://www.camara.leg.br/internet/deputado/bandep/220667.jpg,dep.pedrocampos@camara.leg.br
"Não","2023-12-14T22:00:52", 73768,https://dadosabertos.camara.leg.br/api/v2/deputados/73768,Dilceu Sperafico,PP,https://dadosabertos.camara.leg.br/api/v2/partidos/37903,PR,57,https://www.camara.leg.br/internet/deputado/bandep/73768.jpg,dep.dilceusperafico@camara.leg.br
"Sim","2023-12-14T22:00:51",220590,https://dadosabertos.camara.leg.br/api/v2/deputados/220590,Coronel Ulysses,UNIÃO,https://dadosabertos.camara.leg.br/api/v2/partidos/38009,AC,57,https://www.camara.leg.br/internet/deputado/bandep/220590.jpg,dep.coronelulysses@camara.leg.br
"Sim","2023-12-14T22:00:49", 74856,https://dadosabertos.camara.leg.br/api/v2/deputados/74856,Laura Carneiro,PSD,https://dadosabertos.camara.leg.br/api/v2/partidos/36834,RJ,57,https://www.camara.leg.br/internet/deputado/bandep/74856.jpg,dep.lauracarneiro@camara.leg.br
"Obstrução","2023-12-14T22:00:47",178829,https://dadosabertos.camara.leg.br/api/v2/deputados/178829,Capitão Augusto,PL,https://dadosabertos.camara.leg.br/api/v2/partidos/37906,SP,57,https://www.camara.leg.br/internet/deputado/bandep/178829.jpg,dep.capitaoaugusto@camara.leg.br
"Sim","2023-12-14T22:00:43",220662,https://dadosabertos.camara.leg.br/api/v2/deputados/220662,Lucas Ramos,PSB,https://dadosabertos.camara.leg.br/api/v2/partidos/36832,PE,57,https://www.camara.leg.br/internet/deputado/bandep/220662.jpg,dep.lucasramos@camara.leg.br
"Não","2023-12-14T22:00:43",220683,https://dadosabertos.camara.leg.br/api/v2/deputados/220683,Beto Richa,PSDB,https://dadosabertos.camara.leg.br/api/v2/partidos/36835,PR,57,https://www.camara.leg.br/internet/deputado/bandep/220683.jpg,dep.betoricha@camara.leg.br
"Não","2023-12-14T22:00:41",220604,https://dadosabertos.camara.leg.br/api/v2/deputados/220604,Marcos Tavares,PDT,https://dadosabertos.camara.leg.br/api/v2/partidos/36786,RJ,57,https://www.camara.leg.br/internet/deputado/bandep/220604.jpg,dep.marcostavares@camara.leg.br
"Sim","2023-12-14T22:00:41",220635,https://dadosabertos.camara.leg.br/api/v2/deputados/220635,Bruno Ganem,PODE,https://dadosabertos.camara.leg.br/api/v2/partidos/36896,SP,57,https://www.camara.leg.br/internet/deputado/bandep/220635.jpg,dep.brunoganem@camara.leg.br
"Sim","2023-12-14T22:00:40",220691,https://dadosabertos.camara.leg.br/api/v2/deputados/220691,Diego Coronel,PSD,https://dadosabertos.camara.leg.br/api/v2/partidos/36834,BA,57,https://www.camara.leg.br/internet/deputado/bandep/220691.jpg,dep.diegocoronel@camara.leg.br
"Obstrução","2023-12-14T22:00:35",204416,https://dadosabertos.camara.leg.br/api/v2/deputados/204416,Sanderson,PL,https://dadosabertos.camara.leg.br/api/v2/partidos/37906,RS,57,https://www.camara.leg.br/internet/deputado/bandep/204416.jpg,dep.sanderson@camara.leg.br
"Obstrução","2023-12-14T22:00:34",220574,https://dadosabertos.camara.leg.br/api/v2/deputados/220574,Cabo Gilberto Silva,PL,https://dadosabertos.camara.leg.br/api/v2/partidos/37906,PB,57,https://www.camara.leg.br/internet/deputado/bandep/220574.jpg,dep.cabogilbertosilva@camara.leg.br
"Sim","2023-12-14T22:00:33", 74262,https://dadosabertos.camara.leg.br/api/v2/deputados/74262,Carlos Sampaio,PSDB,https://dadosabertos.camara.leg.br/api/v2/partidos/36835,SP,57,https://www.camara.leg.br/internet/deputado/bandep/74262.jpg,dep.carlossampaio@camara.leg.br
"Não","2023-12-14T22:00:33",204511,https://dadosabertos.camara.leg.br/api/v2/deputados/204511,David Soares,UNIÃO,https://dadosabertos.camara.leg.br/api/v2/partidos/38009,SP,57,https://www.camara.leg.br/internet/deputado/bandep/204511.jpg,dep.davidsoares@camara.leg.br
"Obstrução","2023-12-14T22:00:32",204390,https://dadosabertos.camara.leg.br/api/v2/deputados/204390,Professor Alcides,PL,https://dadosabertos.camara.leg.br/api/v2/partidos/37906,GO,57,https://www.camara.leg.br/internet/deputado/bandep/204390.jpg,dep.professoralcides@camara.leg.br
"Sim","2023-12-14T22:00:32",220615,https://dadosabertos.camara.leg.br/api/v2/deputados/220615,Pastor Henrique Vieira,PSOL,https://dadosabertos.camara.leg.br/api/v2/partidos/36839,RJ,57,https://www.camara.leg.br/internet/deputado/bandep/220615.jpg,dep.pastorhenriquevieira@camara.leg.br
"Sim","2023-12-14T22:00:30",103758,https://dadosabertos.camara.leg.br/api/v2/deputados/103758,Luciano Azevedo,PSD,https://dadosabertos.camara.leg.br/api/v2/partidos/36834,RS,57,https://www.camara.leg.br/internet/deputado/bandep/103758.jpg,dep.lucianoazevedo@camara.leg.br
"Sim","2023-12-14T22:00:30",178931,https://dadosabertos.camara.leg.br/api/v2/deputados/178931,Luciano Ducci,PSB,https://dadosabertos.camara.leg.br/api/v2/partidos/36832,PR,57,https://www.camara.leg.br/internet/deputado/bandep/178931.jpg,dep.lucianoducci@camara.leg.br
"Obstrução","2023-12-14T22:00:30",220558,https://dadosabertos.camara.leg.br/api/v2/deputados/220558,Zé Trovão,PL,https://dadosabertos.camara.leg.br/api/v2/partidos/37906,SC,57,https://www.camara.leg.br/internet/deputado/bandep/220558.jpg,dep.zetrovao@camara.leg.br
"Sim","2023-12-14T22:00:30",220664,https://dadosabertos.camara.leg.br/api/v2/deputados/220664,Guilherme Uchoa,PSB,https://dadosabertos.camara.leg.br/api/v2/partidos/36832,PE,57,https://www.camara.leg.br/internet/deputado/bandep/220664.jpg,dep.guilhermeuchoa@camara.leg.br
"Sim","2023-12-14T22:00:29", 74784,https://dadosabertos.camara.leg.br/api/v2/deputados/74784,Luiza Erundina,PSOL,https://dadosabertos.camara.leg.br/api/v2/partidos/36839,SP,57,https://www.camara.leg.br/internet/deputado/bandep/74784.jpg,dep.luizaerundina@camara.leg.br
"Obstrução","2023-12-14T22:00:29",221328,https://dadosabertos.camara.leg.br/api/v2/deputados/221328,Adilson Barroso,PL,https://dadosabertos.camara.leg.br/api/v2/partidos/37906,SP,57,https://www.camara.leg.br/internet/deputado/bandep/221328.jpg,dep.adilsonbarroso@camara.leg.br
"Obstrução","2023-12-14T22:00:28",220559,https://dadosabertos.camara.leg.br/api/v2/deputados/220559,Julia Zanatta,PL,https://dadosabertos.camara.leg.br/api/v2/partidos/37906,SC,57,https://www.camara.leg.br/internet/deputado/bandep/220559.jpg,dep.juliazanatta@camara.leg.br
"Obstrução","2023-12-14T22:00:27", 74273,https://dadosabertos.camara.leg.br/api/v2/deputados/74273,Jefferson Campos,PL,https://dadosabertos.camara.leg.br/api/v2/partidos/37906,SP,57,https://www.camara.leg.br/internet/deputado/bandep/74273.jpg,dep.jeffersoncampos@camara.leg.br
"Obstrução","2023-12-14T22:00:27",220546,https://dadosabertos.camara.leg.br/api/v2/deputados/220546,Rodolfo Nogueira,PL,https://dadosabertos.camara.leg.br/api/v2/partidos/37906,MS,57,https://www.camara.leg.br/internet/deputado/bandep/220546.jpg,dep.rodolfonogueira@camara.leg.br
"Obstrução","2023-12-14T22:00:24",220579,https://dadosabertos.camara.leg.br/api/v2/deputados/220579,Silvia Waiãpi,PL,https://dadosabertos.camara.leg.br/api/v2/partidos/37906,AP,57,https://www.camara.leg.br/internet/deputado/bandep/220579.jpg,dep.silviawaiapi@camara.leg.br
"Sim","2023-12-14T22:00:23",139285,https://dadosabertos.camara.leg.br/api/v2/deputados/139285,Lídice da Mata,PSB,https://dadosabertos.camara.leg.br/api/v2/partidos/36832,BA,57,https://www.camara.leg.br/internet/deputado/bandep/139285.jpg,dep.lidicedamata@camara.leg.br
"Obstrução","2023-12-14T22:00:23",204525,https://dadosabertos.camara.leg.br/api/v2/deputados/204525,Rosana Valle,PL,https://dadosabertos.camara.leg.br/api/v2/partidos/37906,SP,57,https://www.camara.leg.br/internet/deputado/bandep/204525.jpg,dep.rosanavalle@camara.leg.br
"Obstrução","2023-12-14T22:00:23",204526,https://dadosabertos.camara.leg.br/api/v2/deputados/204526,Luiz Philippe de Orleans e Bragança,PL,https://dadosabertos.camara.leg.br/api/v2/partidos/37906,SP,57,https://www.camara.leg.br/internet/deputado/bandep/204526.jpg,dep.luizphilippedeorleansebraganca@camara.leg.br
"Obstrução","2023-12-14T22:00:23",220571,https://dadosabertos.camara.leg.br/api/v2/deputados/220571,Daniel Agrobom,PL,https://dadosabertos.camara.leg.br/api/v2/partidos/37906,GO,57,https://www.camara.leg.br/internet/deputado/bandep/220571.jpg,dep.danielagrobom@camara.leg.br
"Sim","2023-12-14T22:00:21",220656,https://dadosabertos.camara.leg.br/api/v2/deputados/220656,Fernanda Pessoa,UNIÃO,https://dadosabertos.camara.leg.br/api/v2/partidos/38009,CE,57,https://www.camara.leg.br/internet/deputado/bandep/220656.jpg,dep.fernandapessoa@camara.leg.br
"Sim","2023-12-14T22:00:19",220555,https://dadosabertos.camara.leg.br/api/v2/deputados/220555,Daiana Santos,PCdoB,https://dadosabertos.camara.leg.br/api/v2/partidos/36779,RS,57,https://www.camara.leg.br/internet/deputado/bandep/220555.jpg,dep.daianasantos@camara.leg.br
"Não","2023-12-14T22:00:17",204541,https://dadosabertos.camara.leg.br/api/v2/deputados/204541,Eduardo Bismarck,PDT,https://dadosabertos.camara.leg.br/api/v2/partidos/36786,CE,57,https://www.camara.leg.br/internet/deputado/bandep/204541.jpg,dep.eduardobismarck@camara.leg.br
"Obstrução","2023-12-14T22:00:17",220595,https://dadosabertos.camara.leg.br/api/v2/deputados/220595,Coronel Fernanda,PL,https://dadosabertos.camara.leg.br/api/v2/partidos/37906,MT,57,https://www.camara.leg.br/internet/deputado/bandep/220595.jpg,dep.coronelfernanda@camara.leg.br
"Obstrução","2023-12-14T22:00:16",220657,https://dadosabertos.camara.leg.br/api/v2/deputados/220657,André Fernandes,PL,https://dadosabertos.camara.leg.br/api/v2/partidos/37906,CE,57,https://www.camara.leg.br/internet/deputado/bandep/220657.jpg,dep.andrefernandes@camara.leg.br
"Obstrução","2023-12-14T22:00:15",220690,https://dadosabertos.camara.leg.br/api/v2/deputados/220690,Capitão Alden,PL,https://dadosabertos.camara.leg.br/api/v2/partidos/37906,BA,57,https://www.camara.leg.br/internet/deputado/bandep/220690.jpg,dep.capitaoalden@camara.leg.br
"Sim","2023-12-14T22:00:14", 81055,https://dadosabertos.camara.leg.br/api/v2/deputados/81055,Márcio Jerry,PCdoB,https://dadosabertos.camara.leg.br/api/v2/partidos/36779,MA,57,https://www.camara.leg.br/internet/deputado/bandep/81055.jpg,dep.marciojerry@camara.leg.br
"Não","2023-12-14T22:00:13", 74044,https://dadosabertos.camara.leg.br/api/v2/deputados/74044,Wilson Santiago,REPUBLICANOS,https://dadosabertos.camara.leg.br/api/v2/partidos/37908,PB,57,https://www.camara.leg.br/internet/deputado/bandep/74044.jpg,dep.wilsonsantiago@camara.leg.br
"Sim","2023-12-14T22:00:13", 74376,https://dadosabertos.camara.leg.br/api/v2/deputados/74376,Vander Loubet,PT,https://dadosabertos.camara.leg.br/api/v2/partidos/36844,MS,57,https://www.camara.leg.br/internet/deputado/bandep/74376.jpg,dep.vanderloubet@camara.leg.br
"Obstrução","2023-12-14T22:00:13",204455,https://dadosabertos.camara.leg.br/api/v2/deputados/204455,Luiz Lima,PL,https://dadosabertos.camara.leg.br/api/v2/partidos/37906,RJ,57,https://www.camara.leg.br/internet/deputado/bandep/204455.jpg,dep.luizlima@camara.leg.br
"Obstrução","2023-12-14T22:00:12", 73579,https://dadosabertos.camara.leg.br/api/v2/deputados/73579,Alberto Fraga,PL,https://dadosabertos.camara.leg.br/api/v2/partidos/37906,DF,57,https://www.camara.leg.br/internet/deputado/bandep/73579.jpg,dep.albertofraga@camara.leg.br
"Sim","2023-12-14T22:00:11",220648,https://dadosabertos.camara.leg.br/api/v2/deputados/220648,Marangoni,UNIÃO,https://dadosabertos.camara.leg.br/api/v2/partidos/38009,SP,57,https://www.camara.leg.br/internet/deputado/bandep/220648.jpg,dep.marangoni@camara.leg.br
"Obstrução","2023-12-14T22:00:08",204360,https://dadosabertos.camara.leg.br/api/v2/deputados/204360,Silvia Cristina,PL,https://dadosabertos.camara.leg.br/api/v2/partidos/37906,RO,57,https://www.camara.leg.br/internet/deputado/bandep/204360.jpg,dep.silviacristina@camara.leg.br
"Obstrução","2023-12-14T22:00:08",220557,https://dadosabertos.camara.leg.br/api/v2/deputados/220557,Daniela Reinehr,PL,https://dadosabertos.camara.leg.br/api/v2/partidos/37906,SC,57,https://www.camara.leg.br/internet/deputado/bandep/220557.jpg,dep.danielareinehr@camara.leg.br
"Sim","2023-12-14T22:00:06",213274,https://dadosabertos.camara.leg.br/api/v2/deputados/213274,Ricardo Silva,PSD,https://dadosabertos.camara.leg.br/api/v2/partidos/36834,SP,57,https://www.camara.leg.br/internet/deputado/bandep/213274.jpg,dep.ricardosilva@camara.leg.br
"Não","2023-12-14T22:00:05",220594,https://dadosabertos.camara.leg.br/api/v2/deputados/220594,Coronel Assis,UNIÃO,https://dadosabertos.camara.leg.br/api/v2/partidos/38009,MT,57,https://www.camara.leg.br/internet/deputado/bandep/220594.jpg,dep.coronelassis@camara.leg.br
"Não","2023-12-14T22:00:03",220583,https://dadosabertos.camara.leg.br/api/v2/deputados/220583,Delegado Fabio Costa,PP,https://dadosabertos.camara.leg.br/api/v2/partidos/37903,AL,57,https://www.camara.leg.br/internet/deputado/bandep/220583.jpg,dep.delegadofabiocosta@camara.leg.br
"Sim","2023-12-14T22:00:02",226708,https://dadosabertos.camara.leg.br/api/v2/deputados/226708,Allan Garcês,PP,https://dadosabertos.camara.leg.br/api/v2/partidos/37903,MA,57,https://www.camara.leg.br/internet/deputado/bandep/226708.jpg,dep.allangarces@camara.leg.br
"Obstrução","2023-12-14T22:00:01",204473,https://dadosabertos.camara.leg.br/api/v2/deputados/204473,General Girão,PL,https://dadosabertos.camara.leg.br/api/v2/partidos/37906,RN,57,https://www.camara.leg.br/internet/deputado/bandep/204473.jpg,dep.generalgirao@camara.leg.br
"Sim","2023-12-14T22:00:00",160599,https://dadosabertos.camara.leg.br/api/v2/deputados/160599,Dimas Fabiano,PP,https://dadosabertos.camara.leg.br/api/v2/partidos/37903,MG,57,https://www.camara.leg.br/internet/deputado/bandep/160599.jpg,dep.dimasfabiano@camara.leg.br
"Sim","2023-12-14T21:59:59",220715,https://dadosabertos.camara.leg.br/api/v2/deputados/220715,Amom Mandel,CIDADANIA,https://dadosabertos.camara.leg.br/api/v2/partidos/37905,AM,57,https://www.camara.leg.br/internet/deputado/bandep/220715.jpg,dep.amommandel@camara.leg.br
"Obstrução","2023-12-14T21:59:58",160640,https://dadosabertos.camara.leg.br/api/v2/deputados/160640,Eros Biondini,PL,https://dadosabertos.camara.leg.br/api/v2/partidos/37906,MG,57,https://www.camara.leg.br/internet/deputado/bandep/160640.jpg,dep.erosbiondini@camara.leg.br
"Obstrução","2023-12-14T21:59:58",220526,https://dadosabertos.camara.leg.br/api/v2/deputados/220526,Gilvan da Federal,PL,https://dadosabertos.camara.leg.br/api/v2/partidos/37906,ES,57,https://www.camara.leg.br/internet/deputado/bandep/220526.jpg,dep.gilvandafederal@camara.leg.br
"Obstrução","2023-12-14T21:59:57", 92346,https://dadosabertos.camara.leg.br/api/v2/deputados/92346,Eduardo Bolsonaro,PL,https://dadosabertos.camara.leg.br/api/v2/partidos/37906,SP,57,https://www.camara.leg.br/internet/deputado/bandep/92346.jpg,dep.eduardobolsonaro@camara.leg.br
"Sim","2023-12-14T21:59:56",160535,https://dadosabertos.camara.leg.br/api/v2/deputados/160535,Marcon,PT,https://dadosabertos.camara.leg.br/api/v2/partidos/36844,RS,57,https://www.camara.leg.br/internet/deputado/bandep/160535.jpg,dep.marcon@camara.leg.br
"Obstrução","2023-12-14T21:59:55",204411,https://dadosabertos.camara.leg.br/api/v2/deputados/204411,Filipe Barros,PL,https://dadosabertos.camara.leg.br/api/v2/partidos/37906,PR,57,https://www.camara.leg.br/internet/deputado/bandep/204411.jpg,dep.filipebarros@camara.leg.br
"Obstrução","2023-12-14T21:59:55",220547,https://dadosabertos.camara.leg.br/api/v2/deputados/220547,Marcos Pollon,PL,https://dadosabertos.camara.leg.br/api/v2/partidos/37906,MS,57,https://www.camara.leg.br/internet/deputado/bandep/220547.jpg,dep.marcospollon@camara.leg.br
"Não","2023-12-14T21:59:55",224117,https://dadosabertos.camara.leg.br/api/v2/deputados/224117,Gabriel Mota,REPUBLICANOS,https://dadosabertos.camara.leg.br/api/v2/partidos/37908,RR,57,https://www.camara.leg.br/internet/deputado/bandep/224117.jpg,dep.gabrielmota@camara.leg.br
"Sim","2023-12-14T21:59:51",219585,https://dadosabertos.camara.leg.br/api/v2/deputados/219585,Marco Brasil,PP,https://dadosabertos.camara.leg.br/api/v2/partidos/37903,PR,57,https://www.camara.leg.br/internet/deputado/bandep/219585.jpg,dep.marcobrasil@camara.leg.br
"Obstrução","2023-12-14T21:59:50",204388,https://dadosabertos.camara.leg.br/api/v2/deputados/204388,Bibo Nunes,PL,https://dadosabertos.camara.leg.br/api/v2/partidos/37906,RS,57,https://www.camara.leg.br/internet/deputado/bandep/204388.jpg,dep.bibonunes@camara.leg.br
"Sim","2023-12-14T21:59:48", 73801,https://dadosabertos.camara.leg.br/api/v2/deputados/73801,Renildo Calheiros,PCdoB,https://dadosabertos.camara.leg.br/api/v2/partidos/36779,PE,57,https://www.camara.leg.br/internet/deputado/bandep/73801.jpg,dep.renildocalheiros@camara.leg.br
"Obstrução","2023-12-14T21:59:47",178985,https://dadosabertos.camara.leg.br/api/v2/deputados/178985,Miguel Lombardi,PL,https://dadosabertos.camara.leg.br/api/v2/partidos/37906,SP,57,https://www.camara.leg.br/internet/deputado/bandep/178985.jpg,dep.miguellombardi@camara.leg.br
"Obstrução","2023-12-14T21:59:47",220673,https://dadosabertos.camara.leg.br/api/v2/deputados/220673,Delegado Caveira,PL,https://dadosabertos.camara.leg.br/api/v2/partidos/37906,PA,57,https://www.camara.leg.br/internet/deputado/bandep/220673.jpg,dep.delegadocaveira@camara.leg.br
"Obstrução","2023-12-14T21:59:46",160673,https://dadosabertos.camara.leg.br/api/v2/deputados/160673,Giovani Cherini,PL,https://dadosabertos.camara.leg.br/api/v2/partidos/37906,RS,57,https://www.camara.leg.br/internet/deputado/bandep/160673.jpg,dep.giovanicherini@camara.leg.br
"Obstrução","2023-12-14T21:59:44",204517,https://dadosabertos.camara.leg.br/api/v2/deputados/204517,Zé Vitor,PL,https://dadosabertos.camara.leg.br/api/v2/partidos/37906,MG,57,https://www.camara.leg.br/internet/deputado/bandep/204517.jpg,dep.zevitor@camara.leg.br
"Obstrução","2023-12-14T21:59:44",204572,https://dadosabertos.camara.leg.br/api/v2/deputados/204572,Capitão Alberto Neto,PL,https://dadosabertos.camara.leg.br/api/v2/partidos/37906,AM,57,https://www.camara.leg.br/internet/deputado/bandep/204572.jpg,dep.capitaoalbertoneto@camara.leg.br
"Sim","2023-12-14T21:59:43",109429,https://dadosabertos.camara.leg.br/api/v2/deputados/109429,Benes Leocádio,UNIÃO,https://dadosabertos.camara.leg.br/api/v2/partidos/38009,RN,57,https://www.camara.leg.br/internet/deputado/bandep/109429.jpg,dep.benesleocadio@camara.leg.br
"Sim","2023-12-14T21:59:43",141431,https://dadosabertos.camara.leg.br/api/v2/deputados/141431,Fernando Coelho Filho,UNIÃO,https://dadosabertos.camara.leg.br/api/v2/partidos/38009,PE,57,https://www.camara.leg.br/internet/deputado/bandep/141431.jpg,dep.fernandocoelhofilho@camara.leg.br
"Sim","2023-12-14T21:59:41",160591,https://dadosabertos.camara.leg.br/api/v2/deputados/160591,Vinicius Gurgel,PL,https://dadosabertos.camara.leg.br/api/v2/partidos/37906,AP,57,https://www.camara.leg.br/internet/deputado/bandep/160591.jpg,dep.viniciusgurgel@camara.leg.br
"Não","2023-12-14T21:59:40",204387,https://dadosabertos.camara.leg.br/api/v2/deputados/204387,Sargento Fahur,PSD,https://dadosabertos.camara.leg.br/api/v2/partidos/36834,PR,57,https://www.camara.leg.br/internet/deputado/bandep/204387.jpg,dep.sargentofahur@camara.leg.br
"Não","2023-12-14T21:59:40",220538,https://dadosabertos.camara.leg.br/api/v2/deputados/220538,Albuquerque,REPUBLICANOS,https://dadosabertos.camara.leg.br/api/v2/partidos/37908,RR,57,https://www.camara.leg.br/internet/deputado/bandep/220538.jpg,dep.albuquerque@camara.leg.br
"Abstenção","2023-12-14T21:59:40",220593,https://dadosabertos.camara.leg.br/api/v2/deputados/220593,Abilio Brunini,PL,https://dadosabertos.camara.leg.br/api/v2/partidos/37906,MT,57,https://www.camara.leg.br/internet/deputado/bandep/220593.jpg,dep.abiliobrunini@camara.leg.br
"Sim","2023-12-14T21:59:40",220686,https://dadosabertos.camara.leg.br/api/v2/deputados/220686,Duarte Jr.,PSB,https://dadosabertos.camara.leg.br/api/v2/partidos/36832,MA,57,https://www.camara.leg.br/internet/deputado/bandep/220686.jpg,dep.duartejr@camara.leg.br
"Sim","2023-12-14T21:59:38",107970,https://dadosabertos.camara.leg.br/api/v2/deputados/107970,Ana Paula Leão,PP,https://dadosabertos.camara.leg.br/api/v2/partidos/37903,MG,57,https://www.camara.leg.br/internet/deputado/bandep/107970.jpg,dep.anapaulaleao@camara.leg.br
"Sim","2023-12-14T21:59:37", 74317,https://dadosabertos.camara.leg.br/api/v2/deputados/74317,Júlio Cesar,PSD,https://dadosabertos.camara.leg.br/api/v2/partidos/36834,PI,57,https://www.camara.leg.br/internet/deputado/bandep/74317.jpg,dep.juliocesar@camara.leg.br
"Sim","2023-12-14T21:59:34",220702,https://dadosabertos.camara.leg.br/api/v2/deputados/220702,Geraldo Mendes,UNIÃO,https://dadosabertos.camara.leg.br/api/v2/partidos/38009,PR,57,https://www.camara.leg.br/internet/deputado/bandep/220702.jpg,NA
"Não","2023-12-14T21:59:33",178910,https://dadosabertos.camara.leg.br/api/v2/deputados/178910,Joaquim Passarinho,PL,https://dadosabertos.camara.leg.br/api/v2/partidos/37906,PA,57,https://www.camara.leg.br/internet/deputado/bandep/178910.jpg,dep.joaquimpassarinho@camara.leg.br
"Abstenção","2023-12-14T21:59:31",220666,https://dadosabertos.camara.leg.br/api/v2/deputados/220666,Coronel Meira,PL,https://dadosabertos.camara.leg.br/api/v2/partidos/37906,PE,57,https://www.camara.leg.br/internet/deputado/bandep/220666.jpg,dep.coronelmeira@camara.leg.br
"Sim","2023-12-14T21:59:27",178887,https://dadosabertos.camara.leg.br/api/v2/deputados/178887,Rubens Pereira Júnior,PT,https://dadosabertos.camara.leg.br/api/v2/partidos/36844,MA,57,https://www.camara.leg.br/internet/deputado/bandep/178887.jpg,dep.rubenspereirajunior@camara.leg.br
"Sim","2023-12-14T21:59:25", 74057,https://dadosabertos.camara.leg.br/api/v2/deputados/74057,Alice Portugal,PCdoB,https://dadosabertos.camara.leg.br/api/v2/partidos/36779,BA,57,https://www.camara.leg.br/internet/deputado/bandep/74057.jpg,dep.aliceportugal@camara.leg.br
"Sim","2023-12-14T21:59:24",204368,https://dadosabertos.camara.leg.br/api/v2/deputados/204368,Fabio Schiochet,UNIÃO,https://dadosabertos.camara.leg.br/api/v2/partidos/38009,SC,57,https://www.camara.leg.br/internet/deputado/bandep/204368.jpg,dep.fabioschiochet@camara.leg.br
"Sim","2023-12-14T21:59:22",221339,https://dadosabertos.camara.leg.br/api/v2/deputados/221339,Dr. Benjamim,UNIÃO,https://dadosabertos.camara.leg.br/api/v2/partidos/38009,MA,57,https://www.camara.leg.br/internet/deputado/bandep/221339.jpg,dep.dr.benjamim@camara.leg.br
"Sim","2023-12-14T21:59:19",204549,https://dadosabertos.camara.leg.br/api/v2/deputados/204549,AJ Albuquerque,PP,https://dadosabertos.camara.leg.br/api/v2/partidos/37903,CE,57,https://www.camara.leg.br/internet/deputado/bandep/204549.jpg,dep.ajalbuquerque@camara.leg.br
"Sim","2023-12-14T21:59:19",220671,https://dadosabertos.camara.leg.br/api/v2/deputados/220671,Dilvanda Faro,PT,https://dadosabertos.camara.leg.br/api/v2/partidos/36844,PA,57,https://www.camara.leg.br/internet/deputado/bandep/220671.jpg,dep.dilvandafaro@camara.leg.br
"Sim","2023-12-14T21:59:17",220560,https://dadosabertos.camara.leg.br/api/v2/deputados/220560,Thiago de Joaldo,PP,https://dadosabertos.camara.leg.br/api/v2/partidos/37903,SE,57,https://www.camara.leg.br/internet/deputado/bandep/220560.jpg,NA
"Sim","2023-12-14T21:59:16",141459,https://dadosabertos.camara.leg.br/api/v2/deputados/141459,João Maia,PP,https://dadosabertos.camara.leg.br/api/v2/partidos/37903,RN,57,https://www.camara.leg.br/internet/deputado/bandep/141459.jpg,dep.joaomaia@camara.leg.br
"Sim","2023-12-14T21:59:15",220612,https://dadosabertos.camara.leg.br/api/v2/deputados/220612,Bebeto,PP,https://dadosabertos.camara.leg.br/api/v2/partidos/36845,RJ,57,https://www.camara.leg.br/internet/deputado/bandep/220612.jpg,dep.bebeto@camara.leg.br
"Sim","2023-12-14T21:59:14",171786,https://dadosabertos.camara.leg.br/api/v2/deputados/171786,Miguel Ângelo,PT,https://dadosabertos.camara.leg.br/api/v2/partidos/36844,MG,57,https://www.camara.leg.br/internet/deputado/bandep/171786.jpg,dep.miguelangelo@camara.leg.br
"Sim","2023-12-14T21:59:14",220553,https://dadosabertos.camara.leg.br/api/v2/deputados/220553,Denise Pessôa,PT,https://dadosabertos.camara.leg.br/api/v2/partidos/36844,RS,57,https://www.camara.leg.br/internet/deputado/bandep/220553.jpg,dep.denisepessoa@camara.leg.br
"Sim","2023-12-14T21:59:13",160588,https://dadosabertos.camara.leg.br/api/v2/deputados/160588,Diego Andrade,PSD,https://dadosabertos.camara.leg.br/api/v2/partidos/36834,MG,57,https://www.camara.leg.br/internet/deputado/bandep/160588.jpg,dep.diegoandrade@camara.leg.br
"Sim","2023-12-14T21:59:13",227275,https://dadosabertos.camara.leg.br/api/v2/deputados/227275,Mariana Carvalho,REPUBLICANOS,https://dadosabertos.camara.leg.br/api/v2/partidos/37908,MA,57,https://www.camara.leg.br/internet/deputado/bandep/227275.jpg,NA
"Sim","2023-12-14T21:59:09", 73701,https://dadosabertos.camara.leg.br/api/v2/deputados/73701,Benedita da Silva,PT,https://dadosabertos.camara.leg.br/api/v2/partidos/36844,RJ,57,https://www.camara.leg.br/internet/deputado/bandep/73701.jpg,dep.beneditadasilva@camara.leg.br
"Sim","2023-12-14T21:59:09",160592,https://dadosabertos.camara.leg.br/api/v2/deputados/160592,Zeca Dirceu,PT,https://dadosabertos.camara.leg.br/api/v2/partidos/36844,PR,57,https://www.camara.leg.br/internet/deputado/bandep/160592.jpg,dep.zecadirceu@camara.leg.br
"Sim","2023-12-14T21:59:05",204492,https://dadosabertos.camara.leg.br/api/v2/deputados/204492,Paulo Guedes,PT,https://dadosabertos.camara.leg.br/api/v2/partidos/36844,MG,57,https://www.camara.leg.br/internet/deputado/bandep/204492.jpg,dep.pauloguedes@camara.leg.br
"Sim","2023-12-14T21:59:04",220584,https://dadosabertos.camara.leg.br/api/v2/deputados/220584,Murilo Galdino,REPUBLICANOS,https://dadosabertos.camara.leg.br/api/v2/partidos/37908,PB,57,https://www.camara.leg.br/internet/deputado/bandep/220584.jpg,dep.murilogaldino@camara.leg.br
"Sim","2023-12-14T21:59:03",220556,https://dadosabertos.camara.leg.br/api/v2/deputados/220556,Ana Paula Lima,PT,https://dadosabertos.camara.leg.br/api/v2/partidos/36844,SC,57,https://www.camara.leg.br/internet/deputado/bandep/220556.jpg,dep.anapaulalima@camara.leg.br
"Sim","2023-12-14T21:59:00", 74848,https://dadosabertos.camara.leg.br/api/v2/deputados/74848,Jandira Feghali,PCdoB,https://dadosabertos.camara.leg.br/api/v2/partidos/36779,RJ,57,https://www.camara.leg.br/internet/deputado/bandep/74848.jpg,dep.jandirafeghali@camara.leg.br
"Sim","2023-12-14T21:59:00",178954,https://dadosabertos.camara.leg.br/api/v2/deputados/178954,Lucio Mosquini,MDB,https://dadosabertos.camara.leg.br/api/v2/partidos/36899,RO,57,https://www.camara.leg.br/internet/deputado/bandep/178954.jpg,dep.luciomosquini@camara.leg.br
"Sim","2023-12-14T21:59:00",226179,https://dadosabertos.camara.leg.br/api/v2/deputados/226179,Gisela Simona,UNIÃO,https://dadosabertos.camara.leg.br/api/v2/partidos/38009,MT,57,https://www.camara.leg.br/internet/deputado/bandep/226179.jpg,dep.giselasimona@camara.leg.br
"Sim","2023-12-14T21:58:59",171617,https://dadosabertos.camara.leg.br/api/v2/deputados/171617,Paulão,PT,https://dadosabertos.camara.leg.br/api/v2/partidos/36844,AL,57,https://www.camara.leg.br/internet/deputado/bandep/171617.jpg,dep.paulao@camara.leg.br
"Sim","2023-12-14T21:58:59",204534,https://dadosabertos.camara.leg.br/api/v2/deputados/204534,Tabata Amaral,PSB,https://dadosabertos.camara.leg.br/api/v2/partidos/36832,SP,57,https://www.camara.leg.br/internet/deputado/bandep/204534.jpg,dep.tabataamaral@camara.leg.br
"Sim","2023-12-14T21:58:58",141485,https://dadosabertos.camara.leg.br/api/v2/deputados/141485,Luiz Carlos Busato,UNIÃO,https://dadosabertos.camara.leg.br/api/v2/partidos/38009,RS,57,https://www.camara.leg.br/internet/deputado/bandep/141485.jpg,dep.luizcarlosbusato@camara.leg.br
"Sim","2023-12-14T21:58:58",220640,https://dadosabertos.camara.leg.br/api/v2/deputados/220640,Juliana Cardoso,PT,https://dadosabertos.camara.leg.br/api/v2/partidos/36844,SP,57,https://www.camara.leg.br/internet/deputado/bandep/220640.jpg,dep.julianacardoso@camara.leg.br
"Sim","2023-12-14T21:58:57",220529,https://dadosabertos.camara.leg.br/api/v2/deputados/220529,Gilson Daniel,PODE,https://dadosabertos.camara.leg.br/api/v2/partidos/36896,ES,57,https://www.camara.leg.br/internet/deputado/bandep/220529.jpg,dep.gilsondaniel@camara.leg.br
"Sim","2023-12-14T21:58:51",198783,https://dadosabertos.camara.leg.br/api/v2/deputados/198783,Emanuel Pinheiro Neto,MDB,https://dadosabertos.camara.leg.br/api/v2/partidos/36899,MT,57,https://www.camara.leg.br/internet/deputado/bandep/198783.jpg,dep.emanuelpinheironeto@camara.leg.br
"Sim","2023-12-14T21:58:51",204436,https://dadosabertos.camara.leg.br/api/v2/deputados/204436,Isnaldo Bulhões Jr.,MDB,https://dadosabertos.camara.leg.br/api/v2/partidos/36899,AL,57,https://www.camara.leg.br/internet/deputado/bandep/204436.jpg,dep.isnaldobulhoesjr@camara.leg.br
"Sim","2023-12-14T21:58:50",137070,https://dadosabertos.camara.leg.br/api/v2/deputados/137070,Vicentinho Júnior,PP,https://dadosabertos.camara.leg.br/api/v2/partidos/37903,TO,57,https://www.camara.leg.br/internet/deputado/bandep/137070.jpg,NA
"Sim","2023-12-14T21:58:49",204355,https://dadosabertos.camara.leg.br/api/v2/deputados/204355,Da Vitoria,PP,https://dadosabertos.camara.leg.br/api/v2/partidos/37903,ES,57,https://www.camara.leg.br/internet/deputado/bandep/204355.jpg,dep.davitoria@camara.leg.br
"Sim","2023-12-14T21:58:47",210989,https://dadosabertos.camara.leg.br/api/v2/deputados/210989,Bruno Farias,AVANTE,https://dadosabertos.camara.leg.br/api/v2/partidos/36898,MG,57,https://www.camara.leg.br/internet/deputado/bandep/210989.jpg,dep.brunofarias@camara.leg.br
"Sim","2023-12-14T21:58:47",220554,https://dadosabertos.camara.leg.br/api/v2/deputados/220554,Alexandre Lindenmeyer,PT,https://dadosabertos.camara.leg.br/api/v2/partidos/36844,RS,57,https://www.camara.leg.br/internet/deputado/bandep/220554.jpg,dep.alexandrelindenmeyer@camara.leg.br
"Sim","2023-12-14T21:58:47",220658,https://dadosabertos.camara.leg.br/api/v2/deputados/220658,Luiz Gastão,PSD,https://dadosabertos.camara.leg.br/api/v2/partidos/36834,CE,57,https://www.camara.leg.br/internet/deputado/bandep/220658.jpg,dep.luizgastao@camara.leg.br
"Sim","2023-12-14T21:58:46",209189,https://dadosabertos.camara.leg.br/api/v2/deputados/209189,Joseildo Ramos,PT,https://dadosabertos.camara.leg.br/api/v2/partidos/36844,BA,57,https://www.camara.leg.br/internet/deputado/bandep/209189.jpg,dep.joseildoramos@camara.leg.br
"Abstenção","2023-12-14T21:58:43",220638,https://dadosabertos.camara.leg.br/api/v2/deputados/220638,Antonio Carlos Rodrigues,PL,https://dadosabertos.camara.leg.br/api/v2/partidos/37906,SP,57,https://www.camara.leg.br/internet/deputado/bandep/220638.jpg,dep.antoniocarlosrodrigues@camara.leg.br
"Não","2023-12-14T21:58:41",220659,https://dadosabertos.camara.leg.br/api/v2/deputados/220659,Dayany Bittencourt,UNIÃO,https://dadosabertos.camara.leg.br/api/v2/partidos/38009,CE,57,https://www.camara.leg.br/internet/deputado/bandep/220659.jpg,dep.dayanybittencourt@camara.leg.br
"Sim","2023-12-14T21:58:40",121948,https://dadosabertos.camara.leg.br/api/v2/deputados/121948,Adriano do Baldy,PP,https://dadosabertos.camara.leg.br/api/v2/partidos/37903,GO,57,https://www.camara.leg.br/internet/deputado/bandep/121948.jpg,dep.adrianodobaldy@camara.leg.br
"Sim","2023-12-14T21:58:39", 92699,https://dadosabertos.camara.leg.br/api/v2/deputados/92699,Fernando Monteiro,PP,https://dadosabertos.camara.leg.br/api/v2/partidos/37903,PE,57,https://www.camara.leg.br/internet/deputado/bandep/92699.jpg,dep.fernandomonteiro@camara.leg.br
"Sim","2023-12-14T21:58:38",204524,https://dadosabertos.camara.leg.br/api/v2/deputados/204524,Pinheirinho,PP,https://dadosabertos.camara.leg.br/api/v2/partidos/37903,MG,57,https://www.camara.leg.br/internet/deputado/bandep/204524.jpg,dep.pinheirinho@camara.leg.br
"Sim","2023-12-14T21:58:35", 74283,https://dadosabertos.camara.leg.br/api/v2/deputados/74283,Vicentinho,PT,https://dadosabertos.camara.leg.br/api/v2/partidos/36844,SP,57,https://www.camara.leg.br/internet/deputado/bandep/74283.jpg,dep.vicentinho@camara.leg.br
"Sim","2023-12-14T21:58:35",220651,https://dadosabertos.camara.leg.br/api/v2/deputados/220651,Simone Marquetto,MDB,https://dadosabertos.camara.leg.br/api/v2/partidos/36899,SP,57,https://www.camara.leg.br/internet/deputado/bandep/220651.jpg,dep.simonemarquetto@camara.leg.br
"Sim","2023-12-14T21:58:34", 74141,https://dadosabertos.camara.leg.br/api/v2/deputados/74141,Josias Gomes,PT,https://dadosabertos.camara.leg.br/api/v2/partidos/36844,BA,57,https://www.camara.leg.br/internet/deputado/bandep/74141.jpg,dep.josiasgomes@camara.leg.br
"Sim","2023-12-14T21:58:33",160553,https://dadosabertos.camara.leg.br/api/v2/deputados/160553,Antonio Brito,PSD,https://dadosabertos.camara.leg.br/api/v2/partidos/36834,BA,57,https://www.camara.leg.br/internet/deputado/bandep/160553.jpg,dep.antoniobrito@camara.leg.br
"Sim","2023-12-14T21:58:32",160629,https://dadosabertos.camara.leg.br/api/v2/deputados/160629,Romero Rodrigues,PODE,https://dadosabertos.camara.leg.br/api/v2/partidos/36896,PB,57,https://www.camara.leg.br/internet/deputado/bandep/160629.jpg,dep.romerorodrigues@camara.leg.br
"Sim","2023-12-14T21:58:32",220601,https://dadosabertos.camara.leg.br/api/v2/deputados/220601,Washington Quaquá,PT,https://dadosabertos.camara.leg.br/api/v2/partidos/36844,RJ,57,https://www.camara.leg.br/internet/deputado/bandep/220601.jpg,dep.washingtonquaqua@camara.leg.br
"Sim","2023-12-14T21:58:29", 73531,https://dadosabertos.camara.leg.br/api/v2/deputados/73531,Ivan Valente,PSOL,https://dadosabertos.camara.leg.br/api/v2/partidos/36839,SP,57,https://www.camara.leg.br/internet/deputado/bandep/73531.jpg,dep.ivanvalente@camara.leg.br
"Sim","2023-12-14T21:58:29",220688,https://dadosabertos.camara.leg.br/api/v2/deputados/220688,Dr. Francisco,PT,https://dadosabertos.camara.leg.br/api/v2/partidos/36844,PI,57,https://www.camara.leg.br/internet/deputado/bandep/220688.jpg,dep.dr.francisco@camara.leg.br
"Sim","2023-12-14T21:58:25",160635,https://dadosabertos.camara.leg.br/api/v2/deputados/160635,Ruy Carneiro,PODE,https://dadosabertos.camara.leg.br/api/v2/partidos/36896,PB,57,https://www.camara.leg.br/internet/deputado/bandep/160635.jpg,NA
"Sim","2023-12-14T21:58:25",220641,https://dadosabertos.camara.leg.br/api/v2/deputados/220641,Rodrigo Gambale,PODE,https://dadosabertos.camara.leg.br/api/v2/partidos/36896,SP,57,https://www.camara.leg.br/internet/deputado/bandep/220641.jpg,dep.rodrigogambale@camara.leg.br
"Sim","2023-12-14T21:58:23", 69871,https://dadosabertos.camara.leg.br/api/v2/deputados/69871,Bacelar,PV,https://dadosabertos.camara.leg.br/api/v2/partidos/36851,BA,57,https://www.camara.leg.br/internet/deputado/bandep/69871.jpg,dep.bacelar@camara.leg.br
"Sim","2023-12-14T21:58:21",220588,https://dadosabertos.camara.leg.br/api/v2/deputados/220588,Roberto Duarte,REPUBLICANOS,https://dadosabertos.camara.leg.br/api/v2/partidos/37908,AC,57,https://www.camara.leg.br/internet/deputado/bandep/220588.jpg,dep.robertoduarte@camara.leg.br
"Sim","2023-12-14T21:58:21",220708,https://dadosabertos.camara.leg.br/api/v2/deputados/220708,Gabriel Nunes,PSD,https://dadosabertos.camara.leg.br/api/v2/partidos/36834,BA,57,https://www.camara.leg.br/internet/deputado/bandep/220708.jpg,dep.gabrielnunes@camara.leg.br
"Sim","2023-12-14T21:58:20",141487,https://dadosabertos.camara.leg.br/api/v2/deputados/141487,Luiz Fernando Faria,PSD,https://dadosabertos.camara.leg.br/api/v2/partidos/36834,MG,57,https://www.camara.leg.br/internet/deputado/bandep/141487.jpg,dep.luizfernandofaria@camara.leg.br
"Sim","2023-12-14T21:58:18", 74041,https://dadosabertos.camara.leg.br/api/v2/deputados/74041,Luiz Couto,PT,https://dadosabertos.camara.leg.br/api/v2/partidos/36844,PB,57,https://www.camara.leg.br/internet/deputado/bandep/74041.jpg,dep.luizcouto@camara.leg.br
"Sim","2023-12-14T21:58:17",160569,https://dadosabertos.camara.leg.br/api/v2/deputados/160569,Waldenor Pereira,PT,https://dadosabertos.camara.leg.br/api/v2/partidos/36844,BA,57,https://www.camara.leg.br/internet/deputado/bandep/160569.jpg,dep.waldenorpereira@camara.leg.br
"Sim","2023-12-14T21:58:17",220565,https://dadosabertos.camara.leg.br/api/v2/deputados/220565,Delegada Adriana Accorsi,PT,https://dadosabertos.camara.leg.br/api/v2/partidos/36844,GO,57,https://www.camara.leg.br/internet/deputado/bandep/220565.jpg,dep.delegadaadrianaaccorsi@camara.leg.br
"Sim","2023-12-14T21:58:17",220598,https://dadosabertos.camara.leg.br/api/v2/deputados/220598,Tarcísio Motta,PSOL,https://dadosabertos.camara.leg.br/api/v2/partidos/36839,RJ,57,https://www.camara.leg.br/internet/deputado/bandep/220598.jpg,dep.tarcisiomotta@camara.leg.br
"Sim","2023-12-14T21:58:15", 91228,https://dadosabertos.camara.leg.br/api/v2/deputados/91228,Waldemar Oliveira,AVANTE,https://dadosabertos.camara.leg.br/api/v2/partidos/36898,PE,57,https://www.camara.leg.br/internet/deputado/bandep/91228.jpg,dep.waldemaroliveira@camara.leg.br
"Não","2023-12-14T21:58:15", 98615,https://dadosabertos.camara.leg.br/api/v2/deputados/98615,Ismael,PSD,https://dadosabertos.camara.leg.br/api/v2/partidos/36834,SC,57,https://www.camara.leg.br/internet/deputado/bandep/98615.jpg,dep.ismael@camara.leg.br
"Sim","2023-12-14T21:58:14", 88256,https://dadosabertos.camara.leg.br/api/v2/deputados/88256,Clodoaldo Magalhães,PV,https://dadosabertos.camara.leg.br/api/v2/partidos/36851,PE,57,https://www.camara.leg.br/internet/deputado/bandep/88256.jpg,dep.clodoaldomagalhaes@camara.leg.br
"Sim","2023-12-14T21:58:09", 74574,https://dadosabertos.camara.leg.br/api/v2/deputados/74574,Paulo Magalhães,PSD,https://dadosabertos.camara.leg.br/api/v2/partidos/36834,BA,57,https://www.camara.leg.br/internet/deputado/bandep/74574.jpg,dep.paulomagalhaes@camara.leg.br
"Sim","2023-12-14T21:58:09",220536,https://dadosabertos.camara.leg.br/api/v2/deputados/220536,Zé Haroldo Cathedral,PSD,https://dadosabertos.camara.leg.br/api/v2/partidos/36834,RR,57,https://www.camara.leg.br/internet/deputado/bandep/220536.jpg,dep.zeharoldocathedral@camara.leg.br
"Sim","2023-12-14T21:58:08",204431,https://dadosabertos.camara.leg.br/api/v2/deputados/204431,Marcos Aurélio Sampaio,PSD,https://dadosabertos.camara.leg.br/api/v2/partidos/36834,PI,57,https://www.camara.leg.br/internet/deputado/bandep/204431.jpg,dep.marcosaureliosampaio@camara.leg.br
"Sim","2023-12-14T21:58:07",221148,https://dadosabertos.camara.leg.br/api/v2/deputados/221148,Alfredinho,PT,https://dadosabertos.camara.leg.br/api/v2/partidos/36844,SP,57,https://www.camara.leg.br/internet/deputado/bandep/221148.jpg,dep.alfredinho@camara.leg.br
"Sim","2023-12-14T21:58:05",220527,https://dadosabertos.camara.leg.br/api/v2/deputados/220527,Jack Rocha,PT,https://dadosabertos.camara.leg.br/api/v2/partidos/36844,ES,57,https://www.camara.leg.br/internet/deputado/bandep/220527.jpg,dep.jackrocha@camara.leg.br
"Sim","2023-12-14T21:58:03",220618,https://dadosabertos.camara.leg.br/api/v2/deputados/220618,Sargento Portugal,PODE,https://dadosabertos.camara.leg.br/api/v2/partidos/36896,RJ,57,https://www.camara.leg.br/internet/deputado/bandep/220618.jpg,dep.sargentoportugal@camara.leg.br
"Sim","2023-12-14T21:58:02",220632,https://dadosabertos.camara.leg.br/api/v2/deputados/220632,Ana Pimentel,PT,https://dadosabertos.camara.leg.br/api/v2/partidos/36844,MG,57,https://www.camara.leg.br/internet/deputado/bandep/220632.jpg,dep.anapimentel@camara.leg.br
"Não","2023-12-14T21:58:00",220542,https://dadosabertos.camara.leg.br/api/v2/deputados/220542,Alexandre Guimarães,REPUBLICANOS,https://dadosabertos.camara.leg.br/api/v2/partidos/37908,TO,57,https://www.camara.leg.br/internet/deputado/bandep/220542.jpg,dep.alexandreguimaraes@camara.leg.br
"Não","2023-12-14T21:57:57",163321,https://dadosabertos.camara.leg.br/api/v2/deputados/163321,Ronaldo Nogueira,REPUBLICANOS,https://dadosabertos.camara.leg.br/api/v2/partidos/37908,RS,57,https://www.camara.leg.br/internet/deputado/bandep/163321.jpg,dep.ronaldonogueira@camara.leg.br
"Não","2023-12-14T21:57:57",205550,https://dadosabertos.camara.leg.br/api/v2/deputados/205550,Jorge Braz,REPUBLICANOS,https://dadosabertos.camara.leg.br/api/v2/partidos/37908,RJ,57,https://www.camara.leg.br/internet/deputado/bandep/205550.jpg,dep.jorgebraz@camara.leg.br
"Sim","2023-12-14T21:57:56", 74171,https://dadosabertos.camara.leg.br/api/v2/deputados/74171,Chico Alencar,PSOL,https://dadosabertos.camara.leg.br/api/v2/partidos/36839,RJ,57,https://www.camara.leg.br/internet/deputado/bandep/74171.jpg,dep.chicoalencar@camara.leg.br
"Sim","2023-12-14T21:57:56",204480,https://dadosabertos.camara.leg.br/api/v2/deputados/204480,Rogério Correia,PT,https://dadosabertos.camara.leg.br/api/v2/partidos/36844,MG,57,https://www.camara.leg.br/internet/deputado/bandep/204480.jpg,dep.rogeriocorreia@camara.leg.br
"Sim","2023-12-14T21:57:56",220682,https://dadosabertos.camara.leg.br/api/v2/deputados/220682,Tadeu Veneri,PT,https://dadosabertos.camara.leg.br/api/v2/partidos/36844,PR,57,https://www.camara.leg.br/internet/deputado/bandep/220682.jpg,dep.tadeuveneri@camara.leg.br
"Sim","2023-12-14T21:57:51",188097,https://dadosabertos.camara.leg.br/api/v2/deputados/188097,Merlong Solano,PT,https://dadosabertos.camara.leg.br/api/v2/partidos/36844,PI,57,https://www.camara.leg.br/internet/deputado/bandep/188097.jpg,dep.merlongsolano@camara.leg.br
"Sim","2023-12-14T21:57:50",204426,https://dadosabertos.camara.leg.br/api/v2/deputados/204426,Carlos Veras,PT,https://dadosabertos.camara.leg.br/api/v2/partidos/36844,PE,57,https://www.camara.leg.br/internet/deputado/bandep/204426.jpg,dep.carlosveras@camara.leg.br
"Sim","2023-12-14T21:57:49",162332,https://dadosabertos.camara.leg.br/api/v2/deputados/162332,Luiz Nishimori,PSD,https://dadosabertos.camara.leg.br/api/v2/partidos/36834,PR,57,https://www.camara.leg.br/internet/deputado/bandep/162332.jpg,dep.luiznishimori@camara.leg.br
"Sim","2023-12-14T21:57:49",204407,https://dadosabertos.camara.leg.br/api/v2/deputados/204407,Fernanda Melchionna,PSOL,https://dadosabertos.camara.leg.br/api/v2/partidos/36839,RS,57,https://www.camara.leg.br/internet/deputado/bandep/204407.jpg,dep.fernandamelchionna@camara.leg.br
"Sim","2023-12-14T21:57:46",178873,https://dadosabertos.camara.leg.br/api/v2/deputados/178873,Helder Salomão,PT,https://dadosabertos.camara.leg.br/api/v2/partidos/36844,ES,57,https://www.camara.leg.br/internet/deputado/bandep/178873.jpg,dep.heldersalomao@camara.leg.br
"Sim","2023-12-14T21:57:45", 74161,https://dadosabertos.camara.leg.br/api/v2/deputados/74161,Reginaldo Lopes,PT,https://dadosabertos.camara.leg.br/api/v2/partidos/36844,MG,57,https://www.camara.leg.br/internet/deputado/bandep/74161.jpg,dep.reginaldolopes@camara.leg.br
"Sim","2023-12-14T21:57:44",204453,https://dadosabertos.camara.leg.br/api/v2/deputados/204453,Natália Bonavides,PT,https://dadosabertos.camara.leg.br/api/v2/partidos/36844,RN,57,https://www.camara.leg.br/internet/deputado/bandep/204453.jpg,dep.nataliabonavides@camara.leg.br
"Sim","2023-12-14T21:57:43",178895,https://dadosabertos.camara.leg.br/api/v2/deputados/178895,Misael Varella,PSD,https://dadosabertos.camara.leg.br/api/v2/partidos/36834,MG,57,https://www.camara.leg.br/internet/deputado/bandep/178895.jpg,dep.misaelvarella@camara.leg.br
"Sim","2023-12-14T21:57:37",226837,https://dadosabertos.camara.leg.br/api/v2/deputados/226837,Saulo Pedroso,PSD,https://dadosabertos.camara.leg.br/api/v2/partidos/36834,SP,57,https://www.camara.leg.br/internet/deputado/bandep/226837.jpg,dep.saulopedroso@camara.leg.br
"Sim","2023-12-14T21:57:35",220548,https://dadosabertos.camara.leg.br/api/v2/deputados/220548,Camila Jara,PT,https://dadosabertos.camara.leg.br/api/v2/partidos/36844,MS,57,https://www.camara.leg.br/internet/deputado/bandep/220548.jpg,dep.camilajara@camara.leg.br
"Sim","2023-12-14T21:57:31",205476,https://dadosabertos.camara.leg.br/api/v2/deputados/205476,Charles Fernandes,PSD,https://dadosabertos.camara.leg.br/api/v2/partidos/36834,BA,57,https://www.camara.leg.br/internet/deputado/bandep/205476.jpg,dep.charlesfernandes@camara.leg.br
"Sim","2023-12-14T21:57:30", 74159,https://dadosabertos.camara.leg.br/api/v2/deputados/74159,Odair Cunha,PT,https://dadosabertos.camara.leg.br/api/v2/partidos/36844,MG,57,https://www.camara.leg.br/internet/deputado/bandep/74159.jpg,dep.odaircunha@camara.leg.br
"Artigo 17","2023-12-14T21:57:09", 89536,https://dadosabertos.camara.leg.br/api/v2/deputados/89536,Prof. Paulo Fernando,REPUBLICANOS,https://dadosabertos.camara.leg.br/api/v2/partidos/37908,DF,57,https://www.camara.leg.br/internet/deputado/bandep/89536.jpg,NA
